Period,Data_value,Lower_CI,Upper_CI,Units,Cause,Population,Age,Severity
2014,288.0,254.74,321.26,1,6,2,4,1
2015,1.61624895010267,1.26,1.97,3,4,2,2,1
2009,11.5674710810185,9.37,13.76,3,1,3,1,1
2001,48.1046299331244,42.47,53.74,3,1,1,4,1
2009,22.2715872439856,20.16,24.38,2,7,2,4,3
2010,426.0,385.55,466.45,1,4,2,3,1
2000,201.451619877345,196.93,205.97,3,1,2,4,2
2000,239.0,208.7,269.3,1,6,3,1,3
2012,75.0,58.03,91.97,1,3,2,4,1
2013,5.13345480721501,3.65,6.62,3,8,3,1,3
2000,108.0,87.63,128.37,1,6,1,4,1
2019,91.0,72.3,109.7,1,7,1,4,2
2006,8.69491082255789,7.82,9.57,3,4,2,4,1
2003,3005.0,2897.56,3112.44,1,4,2,3,3
2014,195.532872211756,185.6,205.47,3,1,1,4,3
2015,409.0,369.36,448.64,1,7,2,4,3
2020,120.520293012558,117.76,123.28,3,4,2,4,2
2008,594.0,546.23,641.77,1,2,2,4,3
2001,1.35400787940645,0.99,1.72,3,2,2,4,1
2015,56.0,41.33,70.67,1,9,3,1,3
2009,9.71879625061667,8.76,10.68,4,6,2,4,1
2014,200.0,172.28,227.72,1,5,2,4,2
2012,41.6358975344919,37.17,46.1,3,4,1,4,3
2016,1.23820326930418,0.91,1.56,3,2,2,4,1
2011,1307.92857039584,1264.95,1350.9,3,4,2,3,3
2002,3.6255583133513,2.37,4.88,3,6,3,1,1
2011,42.0,29.3,54.7,1,9,3,1,2
2011,10.4873888671548,8.36,12.61,3,6,3,1,2
2014,37.0181064037477,35.29,38.75,3,1,2,4,1
2010,605.0,556.79,653.21,1,2,2,4,3
2016,311.0,276.44,345.56,1,4,1,2,2
2001,93.721676656273,87.32,100.13,3,1,3,1,2
2004,5.16221137722396,3.67,6.65,3,10,3,1,3
2002,96.0,76.8,115.2,1,7,2,4,1
2017,9.65835847175222,8.87,10.45,3,4,2,4,1
2019,322.0,286.83,357.17,1,2,1,4,2
2018,360.0,322.81,397.19,1,4,1,2,2
2011,1.11141223809618,0.42,1.8,3,6,3,1,1
2010,18.5872799162367,16.68,20.49,2,7,2,4,2
2001,1618.0,1539.16,1696.84,1,6,2,4,2
2013,52.0,37.87,66.13,1,2,2,4,1
2009,782.0,727.19,836.81,1,1,3,1,3
2014,30.6810392378584,26.71,34.65,3,2,1,4,3
2001,18.8580228345616,15.34,22.37,3,5,1,4,3
2004,46.0,32.71,59.29,1,4,1,3,3
2004,49.0,35.28,62.72,1,2,2,4,1
2005,19.2063709385562,17.22,21.19,2,7,2,4,2
2005,177.0,150.92,203.08,1,6,3,1,3
2012,12.3981819846956,11.35,13.45,3,5,2,4,1
2007,349.0,312.38,385.62,1,1,1,4,1
2010,6.01737394565064,4.44,7.6,3,9,3,1,2
2006,15.5748581762932,14.38,16.77,3,5,2,4,3
2004,10.6573519925,9.66,11.66,3,6,2,4,1
2014,8.64976974609626,6.53,10.77,3,6,1,4,1
2019,528.0,482.96,573.04,1,4,1,4,2
2004,24.6613871958297,22.37,26.95,2,7,2,4,3
2006,1699.0,1618.21,1779.79,1,1,2,4,1
2002,1301.0,1230.31,1371.69,1,4,2,2,3
2013,188.368049744491,184.46,192.28,3,1,2,4,2
2018,903.0,844.1,961.9,1,5,2,4,3
2016,12.6130186829341,11.58,13.65,3,2,2,4,2
2014,378.0,339.89,416.11,1,4,1,4,3
2009,2.41216508562425,1.95,2.88,3,3,2,4,1
2003,3.25996537691944,2.07,4.45,3,9,3,1,2
2002,7.47255596372488,5.67,9.28,3,10,3,1,3
2015,240.0,209.64,270.36,1,2,1,4,2
2017,46.8443719521802,42.4,51.28,3,4,1,4,2
2003,8.36705812250167,7.47,9.26,3,4,2,4,1
2007,1791.0,1708.05,1873.95,1,1,2,4,1
2016,2.08520069127169,1.67,2.5,3,3,2,4,1
2016,324.0,288.72,359.28,1,6,2,4,1
2011,30.2477143429998,26.3,34.2,3,4,1,2,2
2010,8513.0,8332.16,8693.84,1,1,2,4,2
2018,14.3667822935022,13.29,15.45,3,2,2,4,2
2016,774.060739455074,630.32,917.8,3,4,1,3,2
2008,46.0,32.71,59.29,1,9,3,1,3
2017,8.04597701149425,7.23,8.86,4,6,2,4,1
2000,78.0,60.69,95.31,1,10,3,1,3
2006,39.1730752796607,37.28,41.07,3,6,2,4,2
2003,31.1774461028192,26.72,35.63,3,2,1,4,2
2009,94.0,75.0,113.0,1,4,2,2,1
2016,0.82336959600753,0.73,0.91,5,6,2,4,1
2012,414.0,374.12,453.88,1,6,1,4,3
2000,2.599735121906,2.09,3.11,3,3,2,4,1
2013,1765.0,1682.66,1847.34,1,6,2,4,3
2013,203.584970065769,193.39,213.78,3,1,1,4,3
2014,6.78558665851986,5.09,8.48,3,9,3,1,2
2012,13.4876704118247,12.38,14.59,3,2,2,4,2
2008,3.8499051272086,2.56,5.14,3,10,3,1,3
2003,35.4892205638474,30.73,40.24,3,2,1,4,3
2012,319.0,283.99,354.01,1,6,2,4,1
2009,112.0,91.26,132.74,1,6,3,1,2
2010,350.0,313.33,386.67,1,6,1,4,2
2002,1363.08797391057,1313.6,1412.57,3,4,2,3,3
2006,33.1134915368627,31.33,34.9,3,4,2,2,3
2000,497.0,453.31,540.69,1,2,2,4,3
2001,1.64989933800961,1.5,1.8,5,6,2,4,1
2000,57.0,42.2,71.8,1,2,2,4,1
2016,1914.0,1828.25,1999.75,1,1,2,4,1
2019,6.85186834347955,6.12,7.58,3,6,2,4,1
2017,491.0,447.57,534.43,1,7,2,4,3
2008,12.0538625194433,11.01,13.09,3,5,2,4,1
2004,2.17442712991347,1.72,2.63,3,3,2,4,1
2013,31.5472094170128,27.47,35.62,3,2,1,4,2
2006,1.96976223808797,1.53,2.4,3,4,2,2,1
2006,75.0,58.03,91.97,1,7,2,4,1
2015,3.65253758057108,2.4,4.9,3,9,3,1,2
2013,6.21011291114384,5.44,6.98,4,6,2,4,1
2014,302.0,267.94,336.06,1,1,1,4,1
2007,3.2212831345305,2.68,3.77,3,5,2,4,2
2012,11.0207473477643,8.85,13.2,3,6,3,1,3
2009,652.0,601.95,702.05,1,2,2,4,3
2017,0.9135501234501,0.82,1.01,5,6,2,4,1
2005,200.0,172.28,227.72,1,2,1,4,2
2016,639.0,589.46,688.54,1,2,2,4,3
2019,83.2436434892852,77.45,89.04,3,1,3,1,2
2001,1.59550705214117,1.45,1.74,5,6,2,4,1
2000,34.6296591427214,29.76,39.5,3,4,1,2,3
2016,0.81581574650288,0.73,0.9,5,6,2,4,1
2007,5.00617015742031,3.54,6.47,3,9,3,1,2
2007,18.6331280914353,15.32,21.95,3,6,1,4,1
2002,1.8751772294205,1.44,2.31,3,4,2,2,1
2002,70.0,53.6,86.4,1,4,2,2,1
2004,141.0,117.73,164.27,1,6,3,1,3
2003,5.33055217567645,4.24,6.42,3,7,2,4,1
2018,36.7002590475092,32.44,40.96,3,2,1,4,2
2019,0.79478800733021,0.71,0.88,5,6,2,4,1
2007,98.0,78.6,117.4,1,5,1,4,1
2010,128.0,105.83,150.17,1,6,3,1,3
2010,49.5863866699436,44.44,54.74,3,1,1,4,1
2013,21.7164628526511,19.66,23.77,2,7,2,4,3
2002,19.9906367099576,17.05,22.94,3,4,3,1,3
2007,464.0,421.78,506.22,1,7,2,4,3
2003,2739.0,2636.42,2841.58,1,4,2,3,2
2012,1.70755272139782,1.32,2.1,3,3,2,4,1
2014,112.5039288456,109.62,115.39,3,4,2,4,3
2003,1249.71483323447,1202.91,1296.52,3,4,2,3,2
2018,40.341227892582,38.61,42.07,3,1,2,4,1
2017,50.0,36.14,63.86,1,9,3,1,2
2002,13.4272536214983,10.48,16.37,3,5,1,4,1
2012,99.0,79.5,118.5,1,6,3,1,3
2011,532.0,486.79,577.21,1,2,2,4,2
2017,4.2833938713599,2.95,5.61,3,10,3,1,3
2014,144.682184895497,131.14,158.23,3,4,2,3,1
2008,17.2051294042452,14.5,19.91,3,4,3,1,3
2000,13.8160045119801,10.78,16.85,3,5,1,4,1
2009,372.0,334.2,409.8,1,7,2,4,2
2014,38.6616417066639,36.85,40.47,3,6,2,4,3
2008,396.0,357.0,435.0,1,6,1,4,2
2011,1.22979219474302,0.9,1.56,3,2,2,4,1
2014,9478.0,9287.19,9668.81,1,1,2,4,2
2017,597.0,549.11,644.89,1,5,2,4,1
2012,16.6099488788069,13.6,19.62,3,5,1,4,1
2007,37.3914157224397,32.77,42.02,3,4,1,4,3
2011,37.389263952897,35.59,39.19,3,4,2,2,3
2008,58.7137750358536,52.91,64.52,3,6,1,4,2
2015,58.0,43.07,72.93,1,8,3,1,3
2017,4753.0,4617.88,4888.12,1,4,2,3,3
2011,2.04909974792647,1.63,2.47,3,4,2,2,1
2020,6.43079525494882,5.72,7.14,3,5,2,4,2
2017,602.0,553.91,650.09,1,2,2,4,2
2016,112.0,91.26,132.74,1,4,1,3,2
2003,12.9602502669017,11.85,14.07,3,5,2,4,1
2007,79.0,61.58,96.42,1,4,2,2,1
2018,12.0996643932472,9.87,14.33,3,6,3,1,2
2006,15.6003761759845,13.0,18.2,3,6,3,1,2
2006,1326.0,1254.63,1397.37,1,4,2,2,3
2018,499.0,455.22,542.78,1,4,1,4,3
2020,74.0,57.14,90.86,1,3,2,4,1
2011,1957.0,1870.3,2043.7,1,1,2,4,1
2002,846.0,788.99,903.01,1,1,3,1,3
2008,708.109812368965,525.5,890.72,3,4,1,3,3
2008,103.0,83.11,122.89,1,6,3,1,2
2015,100.0,80.4,119.6,1,6,3,1,2
2017,8.30140485312899,7.48,9.13,4,6,2,4,1
2011,104.0,84.01,123.99,1,6,3,1,3
2003,582.362728785357,389.43,775.3,3,4,1,3,3
2019,37.944164500258,33.71,42.18,3,2,1,4,2
2013,136.49310926966,123.06,149.92,3,4,2,3,1
2002,488.0,444.7,531.3,1,2,2,4,2
2015,82.0,64.25,99.75,1,4,2,2,1
2018,80.5454646560805,74.82,86.27,3,1,3,1,3
2003,29.0,18.45,39.55,1,9,3,1,2
2006,24.0,14.4,33.6,1,6,3,1,1
2011,6.50430395255999,5.75,7.26,3,6,2,4,1
2001,593.0,545.27,640.73,1,2,2,4,3
2018,2354.0,2258.91,2449.09,1,4,2,2,3
2000,111.0,90.35,131.65,1,3,2,4,1
2000,12.6900260274908,10.32,15.06,3,8,3,1,3
2014,70.6972977870091,65.25,76.15,3,1,3,1,2
2008,51.0,37.0,65.0,1,4,1,3,2
2018,405.0,365.56,444.44,1,1,1,4,1
2016,58.0,43.07,72.93,1,2,2,4,1
2018,4.35847514415755,3.02,5.69,3,10,3,1,3
2005,181.36809630663,177.29,185.45,3,1,2,4,2
2001,9375.0,9185.23,9564.77,1,1,2,4,3
2006,91.0547196874922,88.22,93.89,3,4,2,4,2
2010,9.47914095285115,8.53,10.43,4,6,2,4,1
2004,165.0,139.82,190.18,1,4,1,2,3
2004,62.0,46.57,77.43,1,8,3,1,3
2013,37.5875482008178,33.22,41.95,3,4,1,2,3
2005,1336.0,1264.36,1407.64,1,4,2,2,3
2007,17.7807310870991,15.01,20.55,3,6,3,1,3
2000,35.3733205227692,33.44,37.3,3,4,2,2,3
2006,37.4976741115189,32.69,42.31,3,2,1,4,2
2004,3892.0,3769.73,4014.27,1,4,2,4,2
2005,243.952238948884,231.67,256.23,3,1,1,4,3
2001,6.1450927312456,4.51,7.78,3,9,3,1,2
2005,5.03643095448297,3.56,6.51,3,2,3,1,3
2004,10.8478802992518,9.83,11.87,4,6,2,4,1
2014,15.7236859029316,14.56,16.89,3,5,2,4,3
2014,1.42040907090134,0.65,2.19,3,6,3,1,1
2012,246.0,215.26,276.74,1,2,1,4,3
2014,733.0,679.94,786.06,1,1,3,1,3
2017,2084.0,1994.53,2173.47,1,1,1,4,3
2003,2089.0,1999.42,2178.58,1,6,2,4,3
2012,98.5816546750992,95.82,101.35,3,4,2,4,2
2015,15.4824058425647,13.81,17.15,2,7,2,4,2
2020,44.4385391635054,42.66,46.22,3,4,2,2,2
2009,8.88482075698022,7.99,9.78,3,6,2,4,1
2012,20.1269801810518,18.11,22.15,2,7,2,4,2
2004,46.7855190404605,44.69,48.88,3,6,2,4,3
2003,108.39933460784,105.18,111.61,3,4,2,4,3
2001,54.0,39.6,68.4,1,9,3,1,2
2009,345.0,308.6,381.4,1,1,1,4,1
2012,11.2690925827999,8.82,13.72,3,6,1,4,1
2002,558.0,511.7,604.3,1,2,2,4,3
2006,24.0951267289802,21.9,26.29,2,7,2,4,3
2016,453.0,411.28,494.72,1,4,2,3,1
2005,33.9855547888733,32.16,35.81,3,4,2,2,3
2006,56.9158177238377,51.03,62.8,3,1,1,4,1
2019,223.8756613645,213.76,233.99,3,1,1,4,2
2015,1847.0,1762.77,1931.23,1,1,2,4,1
2001,30.7521100923169,26.22,35.29,3,4,1,2,2
2008,4071.0,3945.95,4196.05,1,4,2,4,2
2013,109.0,88.54,129.46,1,6,3,1,3
2020,41.0769581260123,39.31,42.84,3,6,2,4,2
2007,1.87756322931051,1.47,2.29,3,3,2,4,1
2000,829.0,772.57,885.43,1,1,3,1,2
2001,200.769704134086,196.3,205.24,3,1,2,4,2
2013,58.0,43.07,72.93,1,6,1,4,1
2013,13.2161279918728,12.13,14.31,3,2,2,4,2
2006,627.0,577.92,676.08,1,1,3,1,2
2007,1064.08040562163,1023.4,1104.76,3,4,2,3,2
2008,619.89046993293,449.38,790.4,3,4,1,3,2
2005,206.0,177.87,234.13,1,4,1,2,3
2001,1620.0,1541.11,1698.89,1,1,2,4,1
2002,1894.0,1808.7,1979.3,1,6,2,4,3
2004,20.3520079549039,18.27,22.43,2,7,2,4,2
2006,1247.0,1177.79,1316.21,1,4,2,2,2
2009,307.0,272.66,341.34,1,2,1,4,3
2015,317.0,282.1,351.9,1,6,2,4,1
2019,2009.0,1921.15,2096.85,1,1,1,4,2
2015,1995.0,1907.46,2082.54,1,6,2,4,3
2002,224.72173354266,212.66,236.78,3,1,1,4,3
2001,377.0,338.94,415.06,1,6,1,4,2
2011,35.3401642049705,33.59,37.09,3,4,2,2,2
2006,66.0,50.08,81.92,1,8,3,1,3
2009,107.0,86.73,127.27,1,1,3,1,1
2011,636.926628779519,481.86,791.99,3,4,1,3,2
2002,14.1400589819455,12.97,15.31,3,2,2,4,3
2009,35.2098948505551,33.42,37.0,3,4,2,2,3
2002,68.3927660977981,61.73,75.06,3,6,1,4,3
2011,10.0,3.8,16.2,1,6,3,1,1
2007,1661.0,1581.12,1740.88,1,6,2,4,2
2017,837.273946589191,692.81,981.73,3,4,1,3,2
2014,275.0,242.5,307.5,1,4,1,2,3
2004,116.005502651526,101.9,130.11,3,4,2,3,1
2005,1518.0,1441.64,1594.36,1,1,1,4,3
2009,1187.0,1119.47,1254.53,1,1,1,4,2
2010,235.0,204.95,265.05,1,4,1,2,3
2016,31.9172805718848,27.89,35.95,3,2,1,4,2
2008,1431.0,1356.86,1505.14,1,4,2,2,3
2020,16.4956976965182,14.86,18.13,2,7,2,4,2
2019,20.9415885525888,19.11,22.77,2,7,2,4,3
2014,12.8179251614447,11.75,13.88,3,2,2,4,3
2012,1.3025830991105,0.96,1.64,3,2,2,4,1
2008,502.0,458.09,545.91,1,6,1,4,3
2013,53.0,38.73,67.27,1,7,2,4,1
2013,39.0,26.76,51.24,1,9,3,1,3
2013,625.0,576.0,674.0,1,2,2,4,3
2012,4953.0,4815.06,5090.94,1,4,2,4,2
2018,166.930710971415,152.97,180.89,3,4,2,3,1
2014,3630.0,3511.91,3748.09,1,4,2,3,2
2010,1.25386505834183,0.92,1.59,3,2,2,4,1
2003,187.0,160.2,213.8,1,4,3,1,3
2018,4.52046217599871,3.15,5.89,3,9,3,1,3
2005,1678.0,1597.71,1758.29,1,1,2,4,1
2015,207.599628660449,197.44,217.76,3,1,1,4,3
2006,132.0,109.48,154.52,1,5,2,4,2
2007,14.9048082736899,13.74,16.07,3,5,2,4,3
2012,229.0,199.34,258.66,1,2,1,4,2
2009,1.1320597857282,1.02,1.25,5,6,2,4,1
2016,45.0291696374709,43.11,46.94,3,6,2,4,3
2018,7.46420571755218,6.7,8.23,3,6,2,4,1
2005,148.0,124.16,171.84,1,6,3,1,2
2015,545.0,499.24,590.76,1,4,2,4,1
2004,4248.0,4120.26,4375.74,1,4,2,4,3
2011,6.3436866460563,5.6,7.09,3,6,2,4,1
2011,11.598801105251,9.37,13.83,3,6,3,1,3
2005,9.32595280817666,7.32,11.33,3,8,3,1,3
2017,2098.0,2008.23,2187.77,1,1,2,4,1
2017,6.9512148765504,5.25,8.66,3,8,3,1,3
2010,12.8863245484956,11.81,13.97,3,2,2,4,2
2001,41.9072537189326,39.87,43.95,3,1,2,4,1
2002,32.8410528713594,31.01,34.68,3,4,2,2,2
2006,4.69021187766119,3.27,6.11,3,9,3,1,2
2009,59.0,43.95,74.05,1,7,1,4,2
2009,1410.0,1336.4,1483.6,1,4,2,2,2
2014,6.07879666343077,4.47,7.69,3,8,3,1,3
2013,0.71615282701328,0.63,0.8,5,6,2,4,1
2019,13.0564794428252,12.05,14.06,3,5,2,4,1
2006,524.0,479.13,568.87,1,5,2,4,1
2010,1157.83218138291,1116.97,1198.7,3,4,2,3,2
2012,10616.0,10414.06,10817.94,1,1,2,4,3
2009,9.10811013995482,8.21,10.01,3,6,2,4,1
2007,2976.0,2869.08,3082.92,1,4,2,3,3
2010,184.615817299586,180.67,188.56,3,1,2,4,2
2004,54.0,39.6,68.4,1,9,3,1,3
2009,39.6572929086898,34.92,44.4,3,2,1,4,2
2014,543.0,497.33,588.67,1,4,2,4,1
2003,16.8618898806178,14.16,19.56,3,6,3,1,2
2005,5.8225403750387,4.24,7.41,3,9,3,1,3
2002,2.8466319895563,2.32,3.37,3,5,2,4,2
2006,18.3087278827447,15.49,21.13,3,6,3,1,3
2011,14.9923364939575,13.84,16.14,3,5,2,4,3
2005,194.0,166.7,221.3,1,4,1,2,2
2001,35.200112266459,30.35,40.05,3,4,1,4,2
2015,1359.0,1286.75,1431.25,1,1,1,4,2
2015,1.89743496892488,1.5,2.29,3,3,2,4,1
2017,899.820900986587,750.22,1049.42,3,4,1,3,3
2008,37.0,25.08,48.92,1,9,3,1,2
2019,753.0,699.22,806.78,1,2,2,4,2
2004,4.30937924092585,3.36,5.26,3,7,2,4,1
2011,509.0,464.78,553.22,1,5,2,4,1
2016,2175.0,2083.59,2266.41,1,6,2,4,3
2015,9.58595919922126,8.78,10.4,3,4,2,4,1
2000,599.0,551.03,646.97,1,5,2,4,3
2020,379.0,340.84,417.16,1,4,1,2,2
2014,333.0,297.23,368.77,1,6,1,4,2
2002,1231.0,1162.23,1299.77,1,4,2,2,2
2002,35.9394846274699,31.1,40.78,3,4,1,4,3
2016,9.30190620306137,8.51,10.09,3,4,2,4,1
2019,40.0,27.6,52.4,1,9,3,1,2
2007,49.1669806682154,47.05,51.28,3,6,2,4,3
2004,1028.0,965.16,1090.84,1,1,1,4,2
2003,461.0,418.92,503.08,1,6,2,4,1
2003,2.83039948357623,2.31,3.35,3,5,2,4,2
2004,613.28602523618,420.8,805.77,3,4,1,3,2
2013,221.0,191.86,250.14,1,4,3,1,3
2003,65.0,49.2,80.8,1,7,1,4,2
2010,44.0,31.0,57.0,1,4,1,3,2
2009,102.932706571659,100.02,105.84,3,4,2,4,3
2014,55.0,40.46,69.54,1,8,3,1,3
2010,477.0,434.19,519.81,1,7,2,4,3
2016,423.0,382.69,463.31,1,4,1,4,2
2016,34.965675401577,30.96,38.97,3,4,1,2,2
2001,27.0,16.82,37.18,1,4,1,3,3
2010,97.1003418198782,94.3,99.9,3,4,2,4,2
2002,49.0,35.28,62.72,1,9,3,1,2
2000,171.0,145.37,196.63,1,2,1,4,2
2005,12.3894994264996,11.32,13.46,3,5,2,4,1
2008,8.49174729874365,7.62,9.37,3,6,2,4,1
2013,3766.0,3645.72,3886.28,1,4,2,3,3
2004,211.0,182.53,239.47,1,4,1,4,3
2014,11.812172161481,10.79,12.83,3,2,2,4,2
2018,7.81961108812577,7.03,8.61,4,6,2,4,1
2004,15.2563453323575,14.06,16.45,3,5,2,4,3
2000,110.0,89.44,130.56,1,8,3,1,3
2003,337.0,301.02,372.98,1,4,2,4,1
2001,65.0,49.2,80.8,1,9,3,1,3
2008,219.224163072575,214.84,223.6,3,1,2,4,3
2003,1.55276260381784,1.41,1.69,5,6,2,4,1
2003,28.0,17.63,38.37,1,4,1,3,2
2018,53.0,38.73,67.27,1,1,3,1,1
2006,35.4008045993846,30.82,39.98,3,4,1,4,2
2018,7.50239288854353,6.74,8.27,3,6,2,4,1
2008,223.348271264674,212.04,234.66,3,1,1,4,3
2007,128.0,105.83,150.17,1,6,3,1,2
2011,4.32955384382055,2.97,5.69,3,10,3,1,3
2011,54.0,39.6,68.4,1,2,2,4,1
2004,27.015953036043,22.89,31.14,3,4,1,2,3
2009,11.8651776056347,10.83,12.9,3,5,2,4,1
2017,5.27441342675796,4.61,5.94,3,5,2,4,2
2005,2918.0,2812.13,3023.87,1,4,2,3,3
2013,5.52591084892919,4.84,6.21,3,6,2,4,1
2017,1.36749055950176,0.62,2.11,3,6,3,1,1
2017,12.3665229970644,10.1,14.63,3,6,3,1,2
2000,23.2306276235847,20.03,26.43,3,6,3,1,2
2000,4.10754729539636,2.76,5.45,3,6,3,1,1
2001,483.016840894442,297.31,668.72,3,4,1,3,2
2009,131.0,108.57,153.43,1,5,1,4,3
2015,38.4693246418879,34.29,42.65,3,4,1,4,2
2012,184.149263113485,180.26,188.04,3,1,2,4,2
2008,1331.0,1259.49,1402.51,1,4,2,2,2
2014,399.0,359.85,438.15,1,6,1,4,3
2007,202.0,174.14,229.86,1,4,1,2,3
2015,1217.45217893584,1177.91,1257.0,3,4,2,3,2
2009,84.0,66.04,101.96,1,2,2,4,1
2010,102.0,82.21,121.79,1,5,1,4,1
2008,2740.0,2637.41,2842.59,1,4,2,3,2
2000,68.1877960604229,61.43,74.95,3,6,1,4,2
2012,39.6869715012161,37.86,41.52,3,1,2,4,1
2011,660.0,609.65,710.35,1,5,2,4,3
2016,43.8341760907089,39.2,48.47,3,1,1,4,1
2004,10.0613626046403,7.98,12.14,3,1,3,1,1
2002,405.0,365.56,444.44,1,6,1,4,3
2014,5.09006193575233,3.62,6.56,3,10,3,1,3
2015,563.0,516.49,609.51,1,2,2,4,2
2012,31.1407330724522,27.16,35.12,3,4,1,2,2
2002,357.0,319.97,394.03,1,7,2,4,2
2005,39.7040013382077,37.79,41.62,3,6,2,4,2
2019,303.0,268.88,337.12,1,5,2,4,2
2012,612.0,563.51,660.49,1,1,3,1,2
2013,1.74485409430417,1.35,2.14,3,3,2,4,1
2016,16.2524162107553,14.57,17.93,2,7,2,4,3
2003,4029.0,3904.59,4153.41,1,4,2,4,2
2011,11.5389574508609,10.53,12.55,3,5,2,4,1
2020,6.89665142611292,5.23,8.56,3,9,3,1,2
2004,31.999006581341,27.51,36.49,3,2,1,4,2
2015,345.0,308.6,381.4,1,4,1,4,2
2015,4154.0,4027.68,4280.32,1,4,2,3,3
2005,19.8985522577639,16.97,22.83,3,6,3,1,3
2015,15.6149656798819,12.75,18.47,3,5,1,4,1
2007,421.0,380.78,461.22,1,6,2,4,1
2001,58.0,43.07,72.93,1,2,3,1,3
2010,218.0,189.06,246.94,1,4,1,2,2
2016,76.0,58.91,93.09,1,8,3,1,3
2017,12.167690467096,11.18,13.16,3,5,2,4,1
2010,3108.0,2998.73,3217.27,1,4,2,3,2
2010,76.2601610608825,70.61,81.91,3,1,3,1,3
2016,56.97110316775,51.61,62.33,3,6,1,4,2
2008,53.0,38.73,67.27,1,2,2,4,1
2012,75.0,58.03,91.97,1,7,1,4,2
2010,155.501808700052,140.69,170.32,3,4,2,3,1
2009,224.895293249102,220.49,229.3,3,1,2,4,3
2004,2.48329336803152,1.99,2.98,3,4,2,2,1
2004,123.0,101.26,144.74,1,6,3,1,2
2018,52.1821087141763,50.16,54.2,3,6,2,4,3
2013,6.2346588119784,5.47,7.0,4,6,2,4,1
2001,237.373673837225,224.87,249.88,3,1,1,4,3
2013,77.0,59.8,94.2,1,3,2,4,1
2015,463.0,420.83,505.17,1,4,2,3,1
2012,85.0,66.93,103.07,1,6,3,1,2
2006,1648.0,1568.43,1727.57,1,6,2,4,2
2005,624.0,575.04,672.96,1,5,2,4,3
2004,167.741667498215,157.49,178.0,3,1,1,4,2
2003,532.0,486.79,577.21,1,2,2,4,3
2005,437.0,396.03,477.97,1,7,2,4,3
2012,16.4175837946387,15.21,17.63,3,5,2,4,3
2017,36.5591135295401,32.3,40.81,3,2,1,4,3
2004,2649.0,2548.12,2749.88,1,4,2,3,2
2010,38.2338712628631,33.63,42.83,3,2,1,4,3
2007,35.3413246617004,30.73,39.95,3,2,1,4,3
2008,1949.0,1862.47,2035.53,1,6,2,4,3
2016,451.0,409.38,492.62,1,6,1,4,2
2004,12.0287436370185,10.97,13.09,3,5,2,4,1
2018,590.0,542.39,637.61,1,6,1,4,2
2009,2.19441338495673,1.75,2.64,3,4,2,2,1
2007,20.6292580791212,18.61,22.65,2,7,2,4,2
2014,51.6252877742792,46.49,56.76,3,6,1,4,3
2012,2.54909547348052,1.83,3.27,3,7,2,4,1
2004,3.227601695339,2.68,3.78,3,5,2,4,2
2003,100.032276485339,96.94,103.12,3,4,2,4,2
2001,24.1636448057671,20.92,27.41,3,4,3,1,3
2017,206.701498897463,202.79,210.62,3,1,2,4,2
2002,11.9310146279735,10.85,13.01,3,5,2,4,1
2006,18.4456998726922,15.1,21.79,3,6,1,4,1
2013,1.18153912641801,0.86,1.51,3,2,2,4,1
2001,470.0,427.51,512.49,1,6,1,4,3
2015,85.0,66.93,103.07,1,3,2,4,1
2011,4.7733245488802,3.38,6.17,3,2,3,1,3
2005,1184.0,1116.56,1251.44,1,1,1,4,2
2014,100.0,80.4,119.6,1,4,2,2,1
2018,78.0,60.69,95.31,1,7,1,4,2
2008,99.2408370451333,96.35,102.13,3,4,2,4,3
2004,41.0388572626854,39.08,43.0,3,1,2,4,1
2008,2.19312446140538,1.75,2.64,3,3,2,4,1
2020,12998.0,12774.55,13221.45,1,1,2,4,2
2012,1844.0,1759.84,1928.16,1,1,2,4,1
2015,4.41910955036543,3.06,5.77,3,10,3,1,3
2014,9.79659217511396,8.97,10.63,3,4,2,4,1
2013,10828.0,10624.05,11031.95,1,1,2,4,3
2015,11.7527882289212,10.76,12.75,3,5,2,4,1
2007,1264.0,1194.32,1333.68,1,4,2,2,2
2017,1484.81687974683,1442.33,1527.31,3,4,2,3,3
2000,2627.0,2526.54,2727.46,1,4,2,3,2
2004,69.2708905851613,63.81,74.73,3,1,3,1,2
2010,384.0,345.59,422.41,1,6,2,4,1
2014,1890.0,1804.79,1975.21,1,4,2,2,3
2009,12.0865627474864,11.04,13.13,3,5,2,4,1
2018,1.69185694695155,1.34,2.04,3,4,2,2,1
2018,1829.0,1745.18,1912.82,1,1,1,4,2
2014,56.0,41.33,70.67,1,2,3,1,3
2010,218.425761689309,207.55,229.3,3,1,1,4,3
2015,194.332215407803,190.45,198.22,3,1,2,4,2
2010,1.46768074923841,1.11,1.83,3,3,2,4,1
2002,53.3046407977684,47.43,59.18,3,1,1,4,1
2018,74.8879086884712,69.37,80.41,3,1,3,1,2
2008,282.0,249.09,314.91,1,4,1,4,3
2014,39.619572092349,37.81,41.43,3,4,2,2,3
2018,114.088647863734,111.32,116.85,3,4,2,4,2
2006,144.0,120.48,167.52,1,5,1,4,3
2019,44.5301883429236,42.68,46.38,3,6,2,4,2
2005,7592.0,7421.22,7762.78,1,1,2,4,2
2005,18.9992524552355,15.58,22.42,3,6,1,4,1
2005,83.0,65.14,100.86,1,8,3,1,3
2005,9.73711463229824,8.79,10.69,3,6,2,4,1
2018,11992.0,11777.37,12206.63,1,1,2,4,2
2013,2.23406573568648,1.79,2.68,3,3,2,4,1
2008,32.7420147240006,28.43,37.05,3,4,1,2,3
2010,36.0582606817405,34.26,37.85,3,4,2,2,2
2014,32.4856784784942,30.83,34.14,3,6,2,4,2
2010,70.0,53.6,86.4,1,9,3,1,3
2015,688.712454446547,549.2,828.23,3,4,1,3,3
2000,33.8023192287462,31.91,35.69,3,4,2,2,2
2007,74.6399919221258,68.98,80.3,3,1,3,1,2
2004,101.0,81.3,120.7,1,3,2,4,1
2005,70.0,53.6,86.4,1,2,2,4,1
2012,31.5873436682315,29.93,33.24,3,6,2,4,2
2000,7649.0,7477.58,7820.42,1,1,2,4,2
2006,39.1489948933892,34.34,43.96,3,4,1,4,3
2012,32.7636005680641,28.69,36.84,3,4,1,2,3
2012,39.440703782444,37.6,41.28,3,4,2,2,3
2011,75.1023762888461,69.52,80.68,3,1,3,1,3
2015,5555.0,5408.92,5701.08,1,4,2,4,2
2016,43.641152799051,39.34,47.94,3,4,1,4,2
2010,9.2569735867687,8.32,10.19,4,6,2,4,1
2016,107.259870229137,104.51,110.01,3,4,2,4,2
2011,240.0,209.64,270.36,1,4,1,2,3
2006,1.79963661483575,1.39,2.2,3,3,2,4,1
2006,58.0,43.07,72.93,1,4,1,3,2
2007,45.0,31.85,58.15,1,9,3,1,2
2010,704.0,652.0,756.0,1,1,3,1,3
2008,13.9749103165573,11.51,16.44,3,6,3,1,3
2016,11.6850065641377,10.71,12.66,3,5,2,4,1
2005,91.0548010807517,83.56,98.55,3,6,1,4,3
2003,349.0,312.38,385.62,1,1,1,4,1
2008,1.07461413992006,0.96,1.18,5,6,2,4,1
2020,18.4979567639176,13.71,23.29,3,7,1,4,2
2013,102.0,82.21,121.79,1,6,3,1,2
2006,17.248062809562,13.99,20.51,3,5,1,4,1
2007,495.0,451.39,538.61,1,5,2,4,1
2007,30.0,19.26,40.74,1,6,3,1,1
2012,38.7910570149829,34.47,43.11,3,4,1,4,2
2005,71.0,54.49,87.51,1,7,1,4,2
2011,0.83289562322148,0.74,0.93,5,6,2,4,1
2017,2.39484152182791,1.77,3.02,3,7,2,4,1
2009,5.9999086033731,4.43,7.57,3,9,3,1,2
2000,192.0,164.84,219.16,1,2,1,4,3
2003,38.1426202321724,33.21,43.07,3,4,1,4,3
2011,311.0,276.44,345.56,1,4,1,4,3
2000,41.2622989400698,39.23,43.3,3,1,2,4,1
2016,27.2728660700299,23.55,30.99,3,5,1,4,3
2020,591.0,543.35,638.65,1,5,2,4,1
2002,99.2594160418326,96.15,102.37,3,4,2,4,2
2015,3.93273599547554,2.66,5.2,3,2,3,1,3
2001,189.2690439041,178.1,200.44,3,1,1,4,2
2020,79.9134624163326,74.27,85.56,3,1,3,1,2
2017,196.600663695033,186.95,206.26,3,1,1,4,2
2007,237.481090132329,225.62,249.34,3,1,1,4,3
2008,13.1262833402754,10.36,15.89,3,5,1,4,1
2017,40.0,27.6,52.4,1,10,3,1,3
2004,724.193868786967,514.9,933.48,3,4,1,3,3
2015,11.9933374313622,9.75,14.24,3,6,3,1,3
2009,71.0,54.49,87.51,1,7,2,4,1
2006,9.9693246292698,7.9,12.04,3,1,3,1,1
2009,170.587391484342,160.83,180.35,3,1,1,4,2
2000,87.2443841869482,79.58,94.91,3,6,1,4,3
2009,73.9310636788936,68.34,79.52,3,1,3,1,2
2018,280.0,247.2,312.8,1,5,2,4,2
2001,53.2227641624557,50.92,55.52,3,6,2,4,3
2002,2915.0,2809.18,3020.82,1,4,2,3,3
2016,1540.0,1463.09,1616.91,1,1,1,4,2
2018,19.0678812335012,17.31,20.83,2,7,2,4,3
2018,64.0,48.32,79.68,1,8,3,1,3
2013,3365.0,3251.31,3478.69,1,4,2,3,2
2008,124.0,102.17,145.83,1,6,3,1,3
2004,1180.35651603269,1135.4,1225.31,3,4,2,3,2
2004,1296.36201868422,1249.25,1343.47,3,4,2,3,3
2002,470.0,427.51,512.49,1,5,2,4,1
2016,79.0,61.58,96.42,1,6,1,4,1
2007,1343.0,1271.17,1414.83,1,4,2,2,3
2016,4.78513190135021,4.15,5.42,3,5,2,4,2
2002,5.81517976066176,4.65,6.98,3,7,2,4,1
2015,59.0,43.95,74.05,1,2,2,4,1
2003,28.68068833652,26.15,31.21,2,7,2,4,3
2013,34.7951455264081,30.5,39.09,3,2,1,4,3
2006,1.19074701254974,1.07,1.31,5,6,2,4,1
2014,6.17596322816964,5.45,6.9,3,6,2,4,1
2013,4.12639982048674,2.79,5.46,3,10,3,1,3
2012,37.5504804330034,35.75,39.35,3,4,2,2,2
2010,55.0,40.46,69.54,1,2,2,4,1
2014,219.0,190.0,248.0,1,2,1,4,2
2015,42.2941001508108,40.42,44.17,3,6,2,4,3
2010,32.1141377521741,27.97,36.25,3,4,1,2,3
2001,11.3846901556843,10.32,12.45,3,6,2,4,1
2007,14.4184269474533,11.92,16.92,3,6,3,1,2
2018,24.0291137634294,20.91,27.15,3,4,3,1,3
2001,15.2645291626957,14.04,16.49,3,2,2,4,3
2019,575.0,528.0,622.0,1,7,2,4,3
2005,9.7327985323674,8.78,10.68,3,6,2,4,1
2016,20.9628643289557,18.01,23.92,3,4,3,1,3
2005,100.0,80.4,119.6,1,3,2,4,1
2016,74.5712869344914,69.0,80.15,3,1,3,1,2
2001,52.0,37.87,66.13,1,2,2,4,1
2010,249.0,218.07,279.93,1,2,1,4,2
2017,233.0,203.08,262.92,1,5,1,4,3
2002,16.6295825338122,13.35,19.91,3,5,1,4,3
2010,65.0,49.2,80.8,1,7,1,4,2
2017,67.0701300016189,61.82,72.32,3,1,3,1,2
2011,620.0,571.2,668.8,1,1,3,1,2
2002,37.9025304020914,29.25,46.55,3,7,1,4,2
2001,213.0,184.4,241.6,1,4,3,1,3
2017,64.0,48.32,79.68,1,8,3,1,3
2006,186.0,159.27,212.73,1,4,1,2,3
2011,65.0,49.2,80.8,1,6,1,4,1
2007,54.0,39.6,68.4,1,2,2,4,1
2009,4838.0,4701.67,4974.33,1,4,2,4,3
2002,37.3921433165564,35.48,39.3,3,6,2,4,2
2008,65.0,49.2,80.8,1,8,3,1,3
2007,80.0,62.47,97.53,1,3,2,4,1
2008,701.0,649.11,752.89,1,1,3,1,3
2004,4.24945616150155,2.9,5.6,3,9,3,1,2
2012,12.5296918833046,11.48,13.58,3,5,2,4,1
2014,670.135286505062,527.27,813.0,3,4,1,3,2
2008,9683.0,9490.14,9875.86,1,1,2,4,3
2019,1388.51207791462,1348.4,1428.63,3,4,2,3,2
2015,94.0,75.0,113.0,1,4,1,3,3
2001,32.2137394013747,27.57,36.86,3,4,1,2,3
2018,27.8241983803084,24.12,31.53,3,5,1,4,3
2016,1.65286598407058,0.81,2.49,3,6,3,1,1
2003,32.6638637163101,28.08,37.25,3,4,1,2,3
2016,2144.0,2053.25,2234.75,1,4,2,2,3
2007,407.0,367.46,446.54,1,7,2,4,2
2018,21.0346427505631,16.01,26.06,3,7,1,4,2
2005,143.0,119.56,166.44,1,4,3,1,3
2006,303.0,268.88,337.12,1,4,2,3,1
2013,21.6594616618757,15.74,27.58,3,7,1,4,2
2000,23.8161975882879,20.59,27.04,3,4,3,1,3
2002,10.7102788942212,9.69,11.73,3,6,2,4,1
2017,17.442103893854,16.25,18.63,3,5,2,4,3
2008,8.54000238981907,7.66,9.42,3,6,2,4,1
2011,227.144484224219,222.79,231.5,3,1,2,4,3
2004,2909.0,2803.29,3014.71,1,4,2,3,3
2003,108.0,87.63,128.37,1,3,2,4,1
2012,22.6760756545324,20.53,24.82,2,7,2,4,3
2009,1143.66053847629,1102.45,1184.87,3,4,2,3,2
2015,110.0,89.44,130.56,1,6,3,1,3
2012,3.7899682580732,2.55,5.03,3,2,3,1,3
2010,361.0,323.76,398.24,1,1,1,4,1
2015,622.0,573.12,670.88,1,2,2,4,3
2015,1.26112383433845,0.94,1.59,3,2,2,4,1
2004,550.0,504.03,595.97,1,2,2,4,3
2004,6.9392145464508,5.21,8.67,3,8,3,1,3
2002,171.417092744892,160.89,181.95,3,1,1,4,2
2011,15.9658266764283,13.0,18.93,3,5,1,4,1
2004,38.0,25.92,50.08,1,9,3,1,2
2015,58.5781652527974,53.16,63.99,3,6,1,4,3
2011,695.892581853124,533.79,858.0,3,4,1,3,3
2006,9467.0,9276.3,9657.7,1,1,2,4,3
2013,39.645090542324,37.81,41.48,3,4,2,2,2
2004,143.0,119.56,166.44,1,4,3,1,3
2004,32.1143224633471,30.33,33.9,3,4,2,2,2
2017,7.51668033449,6.75,8.28,3,6,2,4,1
2003,35.7355725174805,33.84,37.63,3,4,2,2,3
2000,1235.0,1166.12,1303.88,1,4,2,2,2
2003,85.0,66.93,103.07,1,1,3,1,1
2003,182.0,155.56,208.44,1,4,1,2,2
2003,190.902996747523,186.64,195.17,3,1,2,4,2
2001,157.0,132.44,181.56,1,6,3,1,2
2007,33.9431129253875,26.53,41.35,3,7,1,4,2
2010,1890.0,1804.79,1975.21,1,1,2,4,1
2006,31.1437292987748,29.41,32.87,3,4,2,2,2
2003,9.55507093235009,7.52,11.59,3,1,3,1,1
2001,541.0,495.41,586.59,1,2,2,4,2
2003,1371.08180864169,1322.06,1420.1,3,4,2,3,3
2009,1279.75599499698,1236.2,1323.31,3,4,2,3,3
2002,232.275816385732,227.52,237.03,3,1,2,4,3
2010,1509.0,1432.86,1585.14,1,6,2,4,2
2014,13.0,5.93,20.07,1,6,3,1,1
2002,308.0,273.6,342.4,1,6,1,4,2
2011,20.6026081805457,17.24,23.97,3,5,1,4,3
2015,74.0,57.14,90.86,1,6,1,4,1
2016,35.5171276976095,31.27,39.77,3,2,1,4,3
2001,80.6087340041888,73.31,87.91,3,6,1,4,3
2006,79.0,61.58,96.42,1,4,2,2,1
2005,52.0,37.87,66.13,1,9,3,1,3
2006,1132.13152867203,1089.56,1174.7,3,4,2,3,2
2007,422.0,381.74,462.26,1,4,2,4,1
2011,493.0,449.48,536.52,1,4,2,4,1
2005,14.1813565672786,13.03,15.33,3,2,2,4,3
2019,6.27999331579041,5.56,7.0,3,5,2,4,2
2016,4387.0,4257.18,4516.82,1,4,2,3,3
2012,1420.0,1346.14,1493.86,1,6,2,4,2
2016,3.3210446603087,2.15,4.49,3,2,3,1,3
2008,100.0,80.4,119.6,1,4,2,2,1
2007,179.082826662372,175.1,183.07,3,1,2,4,2
2014,84.0,66.04,101.96,1,1,3,1,1
2006,173.0,147.22,198.78,1,4,1,2,2
2015,310.0,275.49,344.51,1,1,1,4,1
2015,78.0,60.69,95.31,1,4,1,3,2
2000,4.90925556054973,3.44,6.38,3,9,3,1,3
2013,36.4715712619191,32.16,40.78,3,4,1,2,2
2008,58.0,43.07,72.93,1,4,1,3,3
2003,1.44002780743352,1.07,1.81,3,2,2,4,1
2012,50.0,36.14,63.86,1,8,3,1,3
2007,13.9718814595056,12.84,15.1,3,2,2,4,3
2013,903.555169536598,731.91,1075.2,3,4,1,3,3
2005,33.2520483231842,28.71,37.8,3,4,1,2,3
2006,13.9274926724535,12.79,15.06,3,2,2,4,2
2002,1665.0,1585.02,1744.98,1,1,2,4,1
2011,9.68992499270125,8.83,10.55,3,4,2,4,1
2018,62.0,46.57,77.43,1,2,2,4,1
2005,31.3517532266207,26.94,35.77,3,4,1,2,2
2013,7.4102832516799,5.48,9.34,3,6,1,4,1
2005,657.0,606.76,707.24,1,1,3,1,2
2012,1.89022334944064,1.49,2.29,3,4,2,2,1
2003,121.366975407218,106.78,135.95,3,4,2,3,1
2015,185.0,158.34,211.66,1,4,3,1,3
2009,85.4985347599121,79.5,91.5,3,1,3,1,3
2013,253.0,221.82,284.18,1,6,2,4,1
2015,15.5075521528777,14.36,16.65,3,5,2,4,3
2002,97.0,77.7,116.3,1,6,1,4,1
2011,39.0,26.76,51.24,1,10,3,1,3
2002,11.1640211640211,10.1,12.23,4,6,2,4,1
2016,12491.0,12271.95,12710.05,1,1,2,4,3
2009,33.0154814655984,31.29,34.75,3,4,2,2,2
2020,46.2219809310274,42.04,50.4,3,4,1,4,2
2008,2.3886267334396,1.92,2.86,3,4,2,2,1
2013,95.0,75.9,114.1,1,4,1,3,2
2009,179.0,152.78,205.22,1,4,3,1,3
2014,103.0,83.11,122.89,1,4,1,3,3
2007,183.86825643499,173.44,194.3,3,1,1,4,2
2004,25.5629559578785,18.67,32.46,3,7,1,4,2
2015,31.4053597320359,27.37,35.44,3,2,1,4,2
2013,37.0,25.08,48.92,1,9,3,1,2
2014,567.0,520.33,613.67,1,2,2,4,3
2005,1253.0,1183.62,1322.38,1,4,2,2,2
2017,495.0,451.39,538.61,1,4,2,3,1
2002,197.0,169.49,224.51,1,4,1,4,2
2018,39.6840692459452,35.42,43.94,3,4,1,2,2
2010,5202.0,5060.64,5343.36,1,4,2,4,3
2010,9.48467272777824,7.52,11.45,3,1,3,1,1
2017,4.23202500872263,2.92,5.54,3,2,3,1,3
2015,1864.0,1779.38,1948.62,1,4,2,2,2
2020,647.0,597.15,696.85,1,6,1,4,2
2000,27.338174918981,23.87,30.81,3,6,3,1,3
2014,348.0,311.44,384.56,1,4,1,4,2
2003,71.0,54.49,87.51,1,4,2,2,1
2017,39.9870699513185,38.23,41.74,3,4,2,2,2
2018,2261.0,2167.8,2354.2,1,6,2,4,2
2004,9092.0,8905.11,9278.89,1,1,2,4,3
2008,104.0,84.01,123.99,1,3,2,4,1
2015,0.8317201809949,0.74,0.92,5,6,2,4,1
2011,408.0,368.41,447.59,1,7,2,4,2
2009,675.0,624.08,725.92,1,1,3,1,2
2000,32.2633527962111,27.57,36.96,3,4,1,2,2
2003,81.1618966253737,75.24,87.08,3,1,3,1,2
2000,106.525775632846,99.7,113.35,3,1,3,1,3
2010,29.891335088459,25.89,33.89,3,4,1,2,2
2016,18.8643609323092,13.65,24.08,3,7,1,4,2
2005,93.0,74.1,111.9,1,1,3,1,1
2005,2671.0,2569.71,2772.29,1,4,2,3,2
2017,34.7228160123628,30.58,38.87,3,2,1,4,2
2001,16.4664814136987,15.19,17.75,3,5,2,4,3
2003,1290.0,1219.6,1360.4,1,4,2,2,2
2019,13.3786058915892,11.05,15.71,3,6,3,1,2
2015,67.0221949845616,61.72,72.33,3,1,3,1,2
2003,11.5450505251135,10.5,12.59,3,6,2,4,1
2014,46.0,32.71,59.29,1,10,3,1,3
2010,66.7754883331043,61.48,72.07,3,1,3,1,2
2017,71.0,54.49,87.51,1,1,3,1,1
2018,12.4353994972311,10.03,14.84,3,6,1,4,1
2007,32.6944271740553,28.26,37.13,3,2,1,4,2
2012,29.6294147330663,22.61,36.65,3,7,1,4,2
2000,252.0,220.89,283.11,1,4,2,4,1
2012,3250.0,3138.26,3361.74,1,4,2,3,2
2009,2.0211293796641,1.6,2.44,3,3,2,4,1
2001,17.980241219634,15.17,20.79,3,6,3,1,2
2006,17.1544935158263,14.44,19.87,3,4,3,1,3
2015,4.14272744713167,3.55,4.74,3,5,2,4,2
2014,93.0,74.1,111.9,1,5,1,4,1
2017,246.912740796059,242.63,251.2,3,1,2,4,3
2000,2.8883503079275,2.35,3.43,3,3,2,4,1
2000,103.250224729449,99.99,106.51,3,4,2,4,2
2018,756.0,702.11,809.89,1,2,2,4,3
2015,9.36660355055515,7.39,11.34,3,1,3,1,1
2017,1334.74413433656,1294.39,1375.1,3,4,2,3,2
2004,1683.0,1602.59,1763.41,1,1,2,4,1
2012,6.24814072301318,4.62,7.87,3,9,3,1,3
2002,4216.0,4088.74,4343.26,1,4,2,4,3
2005,49.4367998705751,47.3,51.58,3,6,2,4,3
2001,823.0,766.77,879.23,1,1,3,1,2
2002,80.0,62.47,97.53,1,5,1,4,1
2011,79.0,61.58,96.42,1,1,3,1,1
2008,4.07908567621931,2.76,5.39,3,9,3,1,2
2008,1224.3158613477,1181.25,1267.38,3,4,2,3,3
2001,4198.0,4071.01,4324.99,1,4,2,4,3
2019,12950.0,12726.96,13173.04,1,1,2,4,2
2003,522.0,477.22,566.78,1,5,2,4,1
2010,3.79745896591126,3.21,4.38,3,5,2,4,2
2002,229.0,199.34,258.66,1,2,1,4,3
2014,1541.0,1464.06,1617.94,1,1,1,4,3
2003,85.2404643449419,77.87,92.61,3,6,1,4,3
2018,42.0,29.3,54.7,1,9,3,1,3
2015,1.78618129611245,1.4,2.17,3,3,2,4,1
2015,1.90588751046518,1.32,2.49,3,7,2,4,1
2012,210.0,181.6,238.4,1,4,3,1,3
2005,190.147964848104,179.31,200.99,3,1,1,4,2
2006,162.0,137.05,186.95,1,6,3,1,3
2013,3.54639299499042,2.98,4.11,3,5,2,4,2
2002,107.000470508653,103.77,110.23,3,4,2,4,3
2016,690.0,638.52,741.48,1,1,3,1,2
2005,105.0,84.92,125.08,1,5,1,4,1
2005,45.0,31.85,58.15,1,2,3,1,3
2007,18.1750210849342,15.39,20.96,3,4,3,1,3
2010,21.2763760119176,17.84,24.71,3,5,1,4,3
2013,294.0,260.39,327.61,1,4,1,2,3
2012,8.31511155606248,6.45,10.18,3,1,3,1,1
2009,669.0,618.31,719.69,1,5,2,4,3
2012,242.0,211.51,272.49,1,4,1,2,2
2008,106.0,85.82,126.18,1,6,1,4,1
2012,1577.0,1499.17,1654.83,1,1,1,4,3
2016,135.0,112.23,157.77,1,5,1,4,1
2006,2719.0,2616.8,2821.2,1,4,2,3,2
2010,60.0,44.82,75.18,1,8,3,1,3
2002,453.0,411.28,494.72,1,7,2,4,3
2020,221.98011533803,212.02,231.94,3,1,1,4,2
2017,345.0,308.6,381.4,1,4,1,2,3
2008,397.0,357.95,436.05,1,7,2,4,2
2007,10.3766707168894,9.39,11.36,4,6,2,4,1
2014,6.89325035902345,6.1,7.69,4,6,2,4,1
2015,13.7104944641167,12.62,14.8,3,2,2,4,3
2000,12.2802892485896,9.96,14.6,3,1,3,1,1
2018,4417.0,4286.74,4547.26,1,4,2,3,2
2012,83.0,65.14,100.86,1,6,1,4,1
2008,36.0,24.24,47.76,1,2,3,1,3
2012,45.0888103083081,40.2,49.98,3,1,1,4,1
2008,10.203291814282,9.28,11.12,3,4,2,4,1
2018,42.8260605016437,41.03,44.62,3,4,2,2,2
2007,5.72568844448036,4.15,7.3,3,10,3,1,3
2003,13.2085309233557,12.09,14.33,3,2,2,4,3
2013,110.167687697355,107.27,113.06,3,4,2,4,3
2018,47.3742940339724,42.9,51.85,3,4,1,4,2
2006,1210.0,1141.82,1278.18,1,1,1,4,2
2012,52.0,37.87,66.13,1,7,2,4,1
2011,5.7099429432995,4.65,6.77,3,7,2,4,1
2017,2396.0,2300.06,2491.94,1,6,2,4,3
2015,39.8552148761567,38.06,41.65,3,4,2,2,3
2003,722.0,669.34,774.66,1,1,3,1,2
2009,19.2816711072572,15.96,22.6,3,5,1,4,3
2001,9.39417246189441,7.36,11.43,3,8,3,1,3
2015,1365.52826258218,1323.72,1407.34,3,4,2,3,3
2006,39.9298516560774,38.03,41.83,3,1,2,4,1
2008,176.630199189575,172.7,180.56,3,1,2,4,2
2020,37.1904609359441,33.26,41.12,3,4,1,2,2
2010,163.0,137.98,188.02,1,5,2,4,2
2013,99.0,79.5,118.5,1,3,2,4,1
2014,4073.0,3947.91,4198.09,1,4,2,3,3
2009,568.0,521.29,614.71,1,2,2,4,2
2000,210.0,181.6,238.4,1,4,3,1,3
2002,137.0,114.06,159.94,1,6,3,1,2
2012,148.804556266782,134.65,162.95,3,4,2,3,1
2017,87.0,68.72,105.28,1,4,2,2,1
2014,19.8238763197377,17.9,21.75,2,7,2,4,3
2011,284.0,250.97,317.03,1,6,2,4,1
2017,28.8669032199355,25.1,32.63,3,5,1,4,3
2012,1243.0,1173.9,1312.1,1,1,1,4,2
2000,11.3275921702958,10.27,12.39,3,2,2,4,2
2012,579.0,531.84,626.16,1,2,2,4,2
2009,360.0,322.81,397.19,1,6,1,4,2
2018,7326.0,7158.24,7493.76,1,4,2,4,3
2007,30.8300772999488,26.56,35.1,3,4,1,2,3
2017,142.0,118.64,165.36,1,5,1,4,1
2002,63.0,47.44,78.56,1,8,3,1,3
2013,23.9969706852468,20.83,27.17,3,4,3,1,3
2005,405.0,365.56,444.44,1,6,2,4,1
2016,2.05656703643604,1.46,2.65,3,7,2,4,1
2003,1454.0,1379.26,1528.74,1,1,1,4,3
2012,7.16024559516533,6.37,7.95,3,6,2,4,1
2009,512.0,467.65,556.35,1,5,2,4,1
2007,54.0,39.6,68.4,1,9,3,1,3
2002,582.0,534.72,629.28,1,5,2,4,3
2009,2.42449490502346,1.41,3.44,3,6,3,1,1
2016,213.0,184.4,241.6,1,5,1,4,3
2013,9116.0,8928.87,9303.13,1,1,2,4,2
2016,6.80247398173889,6.06,7.55,3,6,2,4,1
2005,83.0,65.14,100.86,1,3,2,4,1
2012,698.26622691345,542.95,853.59,3,4,1,3,2
2014,8.12460906082299,6.27,9.98,3,9,3,1,3
2019,390.0,351.29,428.71,1,4,1,2,2
2010,1.65726938956849,1.28,2.04,3,3,2,4,1
2006,6.36958974357384,4.72,8.02,3,9,3,1,3
2010,25.5123340785681,19.08,31.94,3,7,1,4,2
2010,1.09812750226653,0.99,1.21,5,6,2,4,1
2002,3911.0,3788.43,4033.57,1,4,2,4,2
2010,6.6576505252521,4.97,8.35,3,8,3,1,3
2013,19.141118567575,17.22,21.06,2,7,2,4,2
2010,387.0,348.44,425.56,1,7,2,4,2
2013,101.225974859514,98.45,104.0,3,4,2,4,2
2014,292.0,258.51,325.49,1,6,2,4,1
2012,517.0,472.44,561.56,1,4,2,4,1
2016,91.0,72.3,109.7,1,4,2,2,1
2018,3.06231365695153,1.95,4.18,3,2,3,1,3
2010,1568.0,1490.39,1645.61,1,4,2,2,2
2009,271.0,238.73,303.27,1,2,1,4,2
2001,65.0,49.2,80.8,1,4,2,2,1
2014,71.0,54.49,87.51,1,3,2,4,1
2001,62.0,46.57,77.43,1,10,3,1,3
2010,7.53664346616663,5.77,9.31,3,9,3,1,3
2016,5987.0,5835.35,6138.65,1,4,2,4,2
2016,544.0,498.29,589.71,1,4,2,4,1
2017,90.0,71.41,108.59,1,3,2,4,1
2007,210.0,181.6,238.4,1,2,1,4,2
2003,1105.0,1039.85,1170.15,1,1,1,4,2
2018,39.8455442358358,35.41,44.28,3,2,1,4,3
2016,277.0,244.38,309.62,1,2,1,4,3
2012,55.4276630819056,50.03,60.82,3,6,1,4,3
2012,223.836234614702,219.54,228.13,3,1,2,4,3
2010,1893.0,1807.72,1978.28,1,6,2,4,3
2006,234.0,204.02,263.98,1,2,1,4,2
2006,645.0,595.22,694.78,1,2,2,4,3
2012,3.88789191133413,3.29,4.48,3,5,2,4,2
2010,3534.0,3417.49,3650.51,1,4,2,3,3
2008,1187.0,1119.47,1254.53,1,1,1,4,2
2004,1243.0,1173.9,1312.1,1,4,2,2,2
2001,2659.0,2557.93,2760.07,1,4,2,3,2
2012,636.0,586.57,685.43,1,2,2,4,3
2018,220.154097310806,216.15,224.16,3,1,2,4,2
2020,226.833308291433,222.86,230.8,3,1,2,4,2
2009,35.4774455329155,31.15,39.8,3,4,1,4,3
2005,223.0,193.73,252.27,1,2,1,4,3
2004,180.512359188942,176.4,184.62,3,1,2,4,2
2008,365.0,327.55,402.45,1,6,2,4,1
2016,68.0,51.84,84.16,1,1,3,1,1
2020,5.99628438687056,5.33,6.67,3,6,2,4,1
2013,1712.0,1630.9,1793.1,1,1,2,4,1
2018,124.772088006193,121.88,127.66,3,4,2,4,3
2003,29.0,18.45,39.55,1,2,3,1,3
2010,149.0,125.08,172.92,1,5,1,4,3
2006,467.0,424.64,509.36,1,7,2,4,3
2015,32.1149668809196,28.17,36.06,3,4,1,2,2
2011,66.8566919702065,61.58,72.13,3,1,3,1,2
2009,384.0,345.59,422.41,1,6,2,4,1
2018,623.0,574.08,671.92,1,5,2,4,1
2013,513.0,468.61,557.39,1,5,2,4,1
2003,43.9208481267224,41.87,45.97,3,1,2,4,1
2011,1580.0,1502.09,1657.91,1,4,2,2,2
2010,1313.33399008297,1269.87,1356.8,3,4,2,3,3
2007,220.626083572878,216.2,225.05,3,1,2,4,3
2003,7689.0,7517.14,7860.86,1,1,2,4,2
2015,573.726061926903,446.13,701.32,3,4,1,3,2
2009,68.0742965820347,61.89,74.26,3,6,1,4,3
2010,2.29242524506313,1.84,2.74,3,4,2,2,1
2013,2.57534428507614,1.84,3.31,3,7,2,4,1
2005,330.0,294.4,365.6,1,4,2,4,1
2005,1647.0,1567.46,1726.54,1,6,2,4,2
2017,390.0,351.29,428.71,1,6,2,4,1
2008,42.5939638829999,40.66,44.53,3,1,2,4,1
2016,46.2810042485122,41.88,50.68,3,4,1,4,3
2005,29.0,18.45,39.55,1,6,3,1,1
2018,108.0,87.63,128.37,1,6,1,4,1
2008,47.8536024211152,42.62,53.08,3,1,1,4,1
2017,16.7444259734911,15.05,18.44,2,7,2,4,2
2003,3.25996537691944,2.07,4.45,3,2,3,1,3
2008,11.6423972804542,9.39,13.89,3,6,3,1,2
2011,3196.0,3085.2,3306.8,1,4,2,3,2
2018,378.0,339.89,416.11,1,6,2,4,1
2017,334.0,298.18,369.82,1,4,1,2,2
2011,586.0,538.55,633.45,1,2,2,4,3
2007,73.0,56.25,89.75,1,8,3,1,3
2008,11.3091020799678,9.13,13.48,3,1,3,1,1
2002,15.5264706308544,12.93,18.13,3,6,3,1,2
2014,0.79438143802627,0.7,0.89,5,6,2,4,1
2017,2.24122844265566,1.82,2.66,3,3,2,4,1
2011,3595.0,3477.48,3712.52,1,4,2,3,3
2018,2234.0,2141.36,2326.64,1,1,1,4,3
2015,40.4031146717827,36.15,44.66,3,4,1,4,3
2017,150.072745410276,136.77,163.37,3,4,2,3,1
2003,11.4457382625319,10.4,12.49,3,6,2,4,1
2008,3.09987605051827,2.57,3.63,3,5,2,4,2
2013,379.0,340.84,417.16,1,4,1,4,2
2013,5193.0,5051.76,5334.24,1,4,2,4,2
2000,30.0,19.26,40.74,1,4,1,3,2
2010,453.29436623487,319.08,587.51,3,4,1,3,2
2005,256.0,224.64,287.36,1,4,1,4,3
2009,1530.0,1453.34,1606.66,1,6,2,4,2
2014,11282.0,11073.82,11490.18,1,1,2,4,3
2014,1789.0,1706.1,1871.9,1,6,2,4,3
2001,1.7664899043794,1.34,2.2,3,4,2,2,1
2019,74.8898135446519,68.99,80.79,3,6,1,4,2
2016,7.2153574580759,6.43,8.0,4,6,2,4,1
2007,191.0,163.91,218.09,1,4,1,2,2
2016,240.651990312338,236.37,244.93,3,1,2,4,3
2006,7768.0,7595.26,7940.74,1,1,2,4,2
2015,1946.0,1859.54,2032.46,1,4,2,2,3
2012,32.0,20.91,43.09,1,10,3,1,3
2011,11.1851101211891,10.19,12.18,3,5,2,4,1
2008,206.0,177.87,234.13,1,2,1,4,2
2005,16.6362611482151,13.96,19.32,3,6,3,1,2
2007,236.0,205.89,266.11,1,4,1,4,2
2000,55.7665230029187,53.4,58.13,3,6,2,4,3
2006,1.19683779010754,1.08,1.32,5,6,2,4,1
2018,260.495325203388,256.13,264.86,3,1,2,4,3
2000,440.0,398.89,481.11,1,2,2,4,2
2019,18.3048004391358,16.6,20.01,2,7,2,4,2
2016,6.75245692295859,6.01,7.5,3,6,2,4,1
2002,524.520999151692,336.81,712.23,3,4,1,3,2
2000,100.0,80.4,119.6,1,3,2,4,1
2003,11.935318275154,10.85,13.02,4,6,2,4,1
2013,478.0,435.15,520.85,1,4,2,4,1
2018,3.32791048394657,2.16,4.5,3,9,3,1,2
2006,57.0,42.2,71.8,1,9,3,1,3
2008,3.93980103111714,2.65,5.23,3,2,3,1,3
2011,147.0,123.24,170.76,1,4,3,1,3
2007,5.9930133971915,4.39,7.59,3,9,3,1,3
2009,196.0,168.56,223.44,1,4,1,2,3
2014,6.98898994734322,6.19,7.79,4,6,2,4,1
2004,10.6033233297813,9.61,11.6,3,6,2,4,1
2017,116.0,94.89,137.11,1,6,1,4,1
2020,18.5110892346564,16.78,20.24,2,7,2,4,3
2006,64.2767444469877,58.03,70.52,3,6,1,4,2
2000,11.8829865313714,10.79,12.97,3,5,2,4,1
2018,0.88420514869383,0.8,0.97,5,6,2,4,1
2008,375.0,337.05,412.95,1,4,2,3,1
2002,34.7162301007799,32.83,36.6,3,4,2,2,3
2007,669.0,618.31,719.69,1,1,3,1,2
2010,35.5346127242767,31.09,39.98,3,2,1,4,2
2020,64.0,48.32,79.68,1,7,1,4,2
2015,6.62255861443656,5.89,7.36,3,6,2,4,1
2002,10.7142857142857,9.67,11.76,4,6,2,4,1
2007,630.0,580.81,679.19,1,5,2,4,3
2002,9158.0,8970.44,9345.56,1,1,2,4,3
2008,1078.31667410822,1037.88,1118.76,3,4,2,3,2
2013,254.0,222.76,285.24,1,6,2,4,1
2013,11.4620707672792,10.46,12.46,3,5,2,4,1
2010,10.6294167220425,9.72,11.54,3,4,2,4,1
2012,3679.0,3560.12,3797.88,1,4,2,3,3
2003,403.0,363.65,442.35,1,7,2,4,2
2007,53.6128336973386,47.97,59.25,3,1,1,4,1
2007,427.0,386.5,467.5,1,6,2,4,1
2000,203.0,175.07,230.93,1,6,3,1,2
2013,402.0,362.7,441.3,1,6,1,4,3
2020,366.0,328.5,403.5,1,2,1,4,2
2011,99.0,79.5,118.5,1,3,2,4,1
2006,656.0,605.8,706.2,1,5,2,4,3
2007,39.1005823058835,37.22,40.98,3,6,2,4,2
2009,8.41281695510278,6.54,10.28,3,9,3,1,3
2011,44.0,31.0,57.0,1,8,3,1,3
2003,3.0351401785112,1.89,4.18,3,6,3,1,1
2003,177.0,150.92,203.08,1,6,3,1,3
2012,77.0,59.8,94.2,1,1,3,1,1
2003,474.0,431.33,516.67,1,2,2,4,2
2012,119.0,97.62,140.38,1,5,1,4,1
2003,92.0,73.2,110.8,1,7,2,4,1
2011,307.0,272.66,341.34,1,1,1,4,1
2012,9.42663422666388,7.42,11.43,3,6,3,1,2
2004,8.66068061352241,7.76,9.56,3,4,2,4,1
2000,32.8959092010583,28.23,37.56,3,2,1,4,3
2004,447.0,405.56,488.44,1,7,2,4,3
2012,209.182256825818,198.73,219.63,3,1,1,4,3
2014,398.0,358.9,437.1,1,7,2,4,2
2005,40.0,27.6,52.4,1,9,3,1,2
2019,41.6453319412369,37.33,45.96,3,4,1,2,2
2001,129.0,106.74,151.26,1,5,2,4,2
2014,1.62855563349865,1.25,2.0,3,3,2,4,1
2018,259.059904989877,248.0,270.12,3,1,1,4,3
2012,74.3812463993125,68.81,79.95,3,1,3,1,3
2017,128.0,105.83,150.17,1,6,3,1,3
2005,585.0,537.59,632.41,1,2,2,4,3
2004,34.5976158313786,32.74,36.45,3,4,2,2,3
2013,1511.0,1434.81,1587.19,1,6,2,4,2
2015,267.0,234.97,299.03,1,4,1,2,2
2014,236.0,205.89,266.11,1,2,1,4,3
2016,185.791205678141,176.28,195.3,3,1,1,4,2
2013,3.26832046116044,2.12,4.42,3,2,3,1,3
2020,502.0,458.09,545.91,1,7,2,4,3
2005,22.1110166407827,18.41,25.82,3,5,1,4,3
2005,53.8042741007797,48.03,59.58,3,1,1,4,1
2003,2.38349430195893,1.91,2.86,3,3,2,4,1
2009,15.4037078423316,14.22,16.59,3,2,2,4,3
2007,34.9488003022462,30.47,39.42,3,4,1,4,2
2017,2145.0,2054.23,2235.77,1,4,2,2,3
2013,4.20820818339525,2.88,5.53,3,9,3,1,3
2006,716.0,663.55,768.45,1,1,3,1,3
2004,493.0,449.48,536.52,1,5,2,4,1
2005,3.26229110954881,2.07,4.45,3,6,3,1,1
2017,40.5177461748049,38.72,42.31,3,6,2,4,2
2007,45.0,31.85,58.15,1,2,3,1,3
2016,52.0,37.87,66.13,1,9,3,1,3
2006,22.9631989580521,19.21,26.72,3,5,1,4,3
2005,72.0555486255162,65.39,78.72,3,6,1,4,2
2003,4.04685357134827,2.72,5.37,3,9,3,1,3
2020,73.6935446097643,67.88,79.5,3,6,1,4,2
2020,2142.0,2051.29,2232.71,1,6,2,4,2
2020,58.0,43.07,72.93,1,7,2,4,1
2004,10.8977556109725,9.88,11.92,4,6,2,4,1
2011,10607.0,10405.14,10808.86,1,1,2,4,3
2011,106.526513448415,103.63,109.42,3,4,2,4,3
2000,242.713918817414,237.76,247.67,3,1,2,4,3
2005,40.211287076365,38.29,42.14,3,1,2,4,1
2014,1239.0,1170.01,1307.99,1,1,1,4,2
2005,736.812427712586,532.49,941.14,3,4,1,3,3
2013,658.0,607.72,708.28,1,1,3,1,2
2004,17.9856263402238,14.62,21.35,3,5,1,4,1
2007,550.0,504.03,595.97,1,6,1,4,3
2006,4348.0,4218.76,4477.24,1,4,2,4,3
2016,84.0,66.04,101.96,1,3,2,4,1
2014,62.0,46.57,77.43,1,9,3,1,2
2011,407.0,367.46,446.54,1,6,1,4,3
2007,11.3637812161602,9.17,13.56,3,1,3,1,1
2009,105.0,84.92,125.08,1,3,2,4,1
2004,190.0,162.98,217.02,1,4,1,4,2
2010,466.0,423.69,508.31,1,6,1,4,3
2009,78.0,60.69,95.31,1,9,3,1,3
2009,598.101350307709,438.27,757.93,3,4,1,3,2
2002,12.3634166418832,11.27,13.46,3,2,2,4,2
2009,3.66025127162393,3.09,4.23,3,5,2,4,2
2011,5269.0,5126.73,5411.27,1,4,2,4,3
2009,27.7692654356013,23.86,31.68,3,4,1,2,3
2004,79.0,61.58,96.42,1,7,2,4,1
2004,15.8011400449501,13.19,18.41,3,6,3,1,3
2003,514.0,469.56,558.44,1,6,1,4,3
2009,360.0,322.81,397.19,1,4,2,3,1
2019,7.15307582260372,6.4,7.9,4,6,2,4,1
2019,2570.0,2470.64,2669.36,1,4,2,2,2
2000,15.4986460451577,14.26,16.74,3,5,2,4,3
2002,38.358740311466,33.39,43.33,3,2,1,4,3
2001,41.3047536374127,36.11,46.5,3,2,1,4,3
2008,32.107363067115,30.38,33.84,3,4,2,2,2
2003,8.31853234110479,6.42,10.21,3,8,3,1,3
2010,49.3063504617577,44.11,54.5,3,6,1,4,2
2006,15.4802935257612,14.28,16.68,3,2,2,4,3
2008,39.7896027743848,35.12,44.46,3,4,1,4,3
2015,367.0,329.45,404.55,1,4,1,4,3
2002,7.13514508762747,5.37,8.9,3,8,3,1,3
2011,39.3902224110923,37.54,41.24,3,6,2,4,3
2012,77.0,59.8,94.2,1,3,2,4,1
2014,1234.33750443493,1193.91,1274.76,3,4,2,3,2
2016,121.0,99.44,142.56,1,6,3,1,2
2018,381.0,342.74,419.26,1,6,2,4,1
2011,36.944898069315,32.68,41.21,3,4,1,4,2
2015,20.2048985673137,17.29,23.12,3,4,3,1,3
2013,422.0,381.74,462.26,1,7,2,4,2
2017,40.0,27.6,52.4,1,2,2,4,1
2010,38.4119275364055,33.97,42.85,3,4,1,4,3
2001,7.55573035226919,6.69,8.43,3,4,2,4,1
2005,47.0,33.56,60.44,1,4,1,3,2
2011,4776.0,4640.55,4911.45,1,4,2,4,2
2017,13.0114607676164,11.99,14.04,3,5,2,4,1
2005,6.52448639419391,4.85,8.2,3,10,3,1,3
2008,33.7569215596708,29.31,38.2,3,2,1,4,3
2009,83.0,65.14,100.86,1,5,1,4,1
2016,9.95009873449489,7.72,12.18,3,6,1,4,1
2017,61.0,45.69,76.31,1,9,3,1,3
2014,191.255466496859,187.36,195.15,3,1,2,4,2
2012,0.88987327106724,0.79,0.99,5,6,2,4,1
2007,84.2834063762536,77.22,91.35,3,6,1,4,3
2011,0.85342474069525,0.76,0.95,5,6,2,4,1
2012,414.0,374.12,453.88,1,7,2,4,2
2011,65.0,49.2,80.8,1,4,1,3,2
2016,347.0,310.49,383.51,1,7,2,4,2
2001,177.0,150.92,203.08,1,4,1,2,2
2000,58.0,43.07,72.93,1,4,2,2,1
2003,18.5737976782752,15.13,22.01,3,5,1,4,3
2003,11.7685031159222,10.71,12.83,3,2,2,4,2
2017,248.0,217.13,278.87,1,5,2,4,2
2016,6531.0,6372.61,6689.39,1,4,2,4,3
2002,74.0,57.14,90.86,1,7,1,4,2
2003,1.86423633265328,1.43,2.3,3,4,2,2,1
2018,17.3956722095545,14.46,20.33,3,5,1,4,1
2003,27.0,16.82,37.18,1,6,3,1,1
2013,77.7813984094751,72.08,83.48,3,1,3,1,3
2015,6.68650404525038,5.95,7.43,3,6,2,4,1
2016,10577.0,10375.43,10778.57,1,1,2,4,2
2006,408.0,368.41,447.59,1,6,1,4,2
2013,11.9135486371859,10.89,12.93,3,5,2,4,1
2004,89.0,70.51,107.49,1,3,2,4,1
2004,368.0,330.4,405.6,1,7,2,4,2
2011,8.2456843186396,6.42,10.07,3,1,3,1,1
2010,12.4576763512192,11.41,13.51,3,5,2,4,1
2013,401.0,361.75,440.25,1,4,2,3,1
2016,139.889894238879,126.93,152.85,3,4,2,3,1
2011,1478.0,1402.65,1553.35,1,1,1,4,3
2013,154.0,129.68,178.32,1,5,2,4,2
2009,7.24804257554854,5.48,9.01,3,8,3,1,3
2015,7.38859385823135,6.58,8.2,4,6,2,4,1
2010,544.0,498.29,589.71,1,5,2,4,1
2016,40.7820570755433,38.99,42.57,3,4,2,2,2
2003,51.8658291332522,49.64,54.09,3,6,2,4,3
2010,113.0,92.17,133.83,1,6,3,1,2
2005,9.99506416584402,9.02,10.97,4,6,2,4,1
2004,16.0045956908764,13.38,18.63,3,4,3,1,3
2016,323.0,287.78,358.22,1,4,1,2,3
2007,51.0,37.0,65.0,1,10,3,1,3
2011,4.54193985651106,3.16,5.92,3,9,3,1,2
2007,2633.0,2532.43,2733.57,1,4,2,3,2
2016,8.36828623155657,6.48,10.25,3,8,3,1,3
2001,7755.0,7582.4,7927.6,1,1,2,4,2
2000,140.0,116.81,163.19,1,5,2,4,2
2000,11.4757488248127,10.4,12.55,3,6,2,4,1
2007,533.0,487.75,578.25,1,2,2,4,2
2017,13.0,5.93,20.07,1,6,3,1,1
2005,4254.0,4126.17,4381.83,1,4,2,4,3
2011,61.0,45.69,76.31,1,7,1,4,2
2010,375.0,337.05,412.95,1,6,2,4,1
2013,258.0,226.52,289.48,1,2,1,4,3
2007,1.27101452855927,1.15,1.39,5,6,2,4,1
2000,1583.0,1505.02,1660.98,1,1,2,4,1
2005,362.0,324.71,399.29,1,7,2,4,2
2002,30.0,19.26,40.74,1,4,1,3,2
2003,35.0,23.4,46.6,1,4,1,3,3
2010,15.8029188344325,12.91,18.7,3,6,1,4,1
2007,2088.0,1998.44,2177.56,1,6,2,4,3
2014,11.3576893094932,10.37,12.35,3,5,2,4,1
2014,28.4355399413866,24.61,32.26,3,2,1,4,2
2019,350.0,313.33,386.67,1,6,2,4,1
2008,34.0,22.57,45.43,1,10,3,1,3
2005,36.2315865094756,31.47,40.99,3,2,1,4,3
2015,616.0,567.35,664.65,1,1,3,1,2
2013,1171.32062900263,1131.51,1211.13,3,4,2,3,2
2015,6.19264963690418,4.57,7.82,3,9,3,1,3
2011,200.502046823578,190.18,210.82,3,1,1,4,3
2005,106.21847913019,92.97,119.47,3,4,2,3,1
2008,4546.0,4413.85,4678.15,1,4,2,4,3
2003,495.0,451.39,538.61,1,7,2,4,3
2010,41.4837496236027,39.6,43.37,3,1,2,4,1
2018,708.0,655.85,760.15,1,1,3,1,2
2007,4.95946779017058,3.51,6.41,3,2,3,1,3
2006,1571.0,1493.32,1648.68,1,1,1,4,3
2005,40.4206370481549,35.46,45.38,3,4,1,4,3
2006,525.0,480.09,569.91,1,6,1,4,3
2005,50.0,36.14,63.86,1,4,1,3,3
2013,77.0,59.8,94.2,1,4,2,2,1
2007,158.0,133.36,182.64,1,6,3,1,3
2006,5.1225301329883,3.64,6.6,3,2,3,1,3
2006,247.99860603396,235.71,260.28,3,1,1,4,3
2001,13.1355965586589,11.99,14.28,3,5,2,4,1
2002,42.2234012848979,40.19,44.25,3,1,2,4,1
2008,2.42412577256496,1.96,2.89,3,3,2,4,1
2004,24.7405857503747,20.79,28.69,3,4,1,2,2
2015,102.406644724215,99.69,105.13,3,4,2,4,2
2006,391.0,352.24,429.76,1,6,2,4,1
2017,1.82637591729807,1.44,2.21,3,3,2,4,1
2018,1.73322736007618,1.37,2.1,3,3,2,4,1
2010,5.38368212673499,3.86,6.91,3,10,3,1,3
2008,7815.0,7641.73,7988.27,1,1,2,4,2
2014,0.78349950051906,0.69,0.87,5,6,2,4,1
2002,30.4959500354121,26.03,34.97,3,4,1,2,3
2012,175.0,149.07,200.93,1,5,1,4,3
2017,635.0,585.61,684.39,1,5,2,4,1
2014,710.0,657.78,762.22,1,5,2,4,3
2011,229.0,199.34,258.66,1,2,1,4,3
2002,169.0,143.52,194.48,1,6,3,1,3
2005,38.0897472335228,33.28,42.9,3,4,1,4,2
2001,501.530585592246,312.31,690.75,3,4,1,3,3
2011,113.0,92.17,133.83,1,5,1,4,1
2016,581.0,533.76,628.24,1,5,2,4,1
2001,108.155702624942,94.02,122.29,3,4,2,3,1
2010,65.1092692961902,59.16,71.06,3,6,1,4,3
2017,40.2112418985961,38.46,41.96,3,1,2,4,1
2013,31.0,20.09,41.91,1,2,3,1,3
2001,35.6374305868834,33.71,37.57,3,4,2,2,3
2005,1.70424786351863,1.3,2.1,3,2,2,4,1
2007,87.149054253416,84.41,89.89,3,4,2,4,2
2011,295.0,261.34,328.66,1,4,1,4,2
2014,1.00575299996368,0.71,1.3,3,2,2,4,1
2006,138.0,114.98,161.02,1,6,3,1,2
2017,378.0,339.89,416.11,1,6,2,4,1
2002,7493.0,7323.34,7662.66,1,1,2,4,2
2005,4.47737388531982,3.09,5.86,3,9,3,1,2
2007,32.8697833739706,31.11,34.63,3,4,2,2,3
2012,38.7475892633968,36.91,40.58,3,6,2,4,3
2008,31.2063509266403,27.0,35.42,3,4,1,2,2
2003,210.0,181.6,238.4,1,4,1,4,2
2001,7.40411149798331,5.6,9.2,3,9,3,1,3
2016,402.0,362.7,441.3,1,7,2,4,3
2013,36.2312811058446,34.5,37.97,3,1,2,4,1
2019,120.432052494779,117.62,123.24,3,4,2,4,2
2003,1.56623559821105,1.42,1.71,5,6,2,4,1
2014,6.27423529179313,5.55,7.0,3,6,2,4,1
2000,36.0,24.24,47.76,1,6,3,1,1
2002,16.4260465071595,13.16,19.7,3,6,1,4,1
2018,66.0,50.08,81.92,1,3,2,4,1
2004,5.14212179552349,3.66,6.63,3,2,3,1,3
2007,57.0,42.2,71.8,1,7,2,4,1
2001,26.0,16.01,35.99,1,4,1,3,2
2011,342.0,305.75,378.25,1,6,1,4,2
2002,70.0,53.6,86.4,1,2,2,4,1
2017,38.3305245201937,34.14,42.52,3,4,1,2,3
2016,31.0,20.09,41.91,1,2,3,1,3
2014,263.0,231.21,294.79,1,4,1,2,2
2001,281.0,248.15,313.85,1,1,1,4,1
2006,9.26170292541846,8.34,10.18,3,6,2,4,1
2007,142.0,118.64,165.36,1,5,1,4,3
2007,41.5432569105054,39.62,43.47,3,1,2,4,1
2014,85.0,66.93,103.07,1,4,1,3,2
2015,47.0,33.56,60.44,1,7,2,4,1
2005,515.0,470.52,559.48,1,5,2,4,1
2015,17.3882933530299,15.62,19.16,2,7,2,4,3
2005,119.0,97.62,140.38,1,6,1,4,1
2008,28.4440974740971,21.68,35.21,3,7,1,4,2
2014,74.0,57.14,90.86,1,9,3,1,3
2010,1668.0,1587.95,1748.05,1,4,2,2,3
2005,568.0,521.29,614.71,1,6,1,4,3
2005,247.0,216.2,277.8,1,4,2,3,1
2008,1.0775582882486,0.97,1.19,5,6,2,4,1
2003,21.0211560511702,18.01,24.03,3,4,3,1,3
2008,23.2466137152809,21.11,25.38,2,7,2,4,3
2016,38.2767127145123,36.51,40.04,3,6,2,4,2
2008,175.494668843559,165.47,185.52,3,1,1,4,2
2015,0.83959134990021,0.75,0.93,5,6,2,4,1
2002,66.0,50.08,81.92,1,10,3,1,3
2009,35.3115218465829,33.54,37.09,3,6,2,4,2
2000,589.635641172669,378.54,800.74,3,4,1,3,2
2011,94.0,75.0,113.0,1,6,3,1,2
2005,2052.0,1963.22,2140.78,1,6,2,4,3
2008,95.0,75.9,114.1,1,3,2,4,1
2010,42.9090278906905,40.97,44.85,3,6,2,4,3
2014,74.0,57.14,90.86,1,3,2,4,1
2001,225.0,195.6,254.4,1,2,1,4,2
2016,223.0,193.73,252.27,1,5,2,4,2
2014,807.122660489598,650.82,963.42,3,4,1,3,3
2008,465.0,422.74,507.26,1,7,2,4,3
2017,40.0,27.6,52.4,1,2,3,1,3
2002,212.0,183.46,240.54,1,4,1,4,3
2017,464.0,421.78,506.22,1,4,1,4,2
2000,3.31967674018865,2.11,4.53,3,9,3,1,2
2017,68.0,51.84,84.16,1,7,1,4,2
2006,1257.68974258539,1212.83,1302.55,3,4,2,3,3
2009,443.0,401.75,484.25,1,7,2,4,3
2015,32.6595156132701,28.69,36.63,3,4,1,2,3
2005,73.7082962558418,68.07,79.34,3,1,3,1,2
2009,4384.0,4254.23,4513.77,1,4,2,4,2
2005,12.47710870376,11.4,13.56,3,2,2,4,2
2018,83.0318836560519,76.74,89.33,3,6,1,4,3
2020,42.6902615716068,38.24,47.14,3,2,1,4,2
2012,550.0,504.03,595.97,1,5,2,4,1
2006,1.6490399379382,1.26,2.04,3,3,2,4,1
2010,17.6369056781061,14.92,20.36,3,4,3,1,3
2005,750.0,696.32,803.68,1,1,3,1,3
2008,366.0,328.5,403.5,1,6,2,4,1
2018,1.29937424254518,0.98,1.62,3,3,2,4,1
2012,5.50835420720186,3.98,7.04,3,8,3,1,3
2010,1.12448256232093,1.01,1.24,5,6,2,4,1
2016,40.0,27.6,52.4,1,9,3,1,2
2016,13.2768740223385,10.91,15.65,3,6,3,1,2
2002,1.77664234006226,1.36,2.19,3,2,2,4,1
2007,594.476735440699,420.48,768.48,3,4,1,3,2
2014,102.707336670486,99.95,105.47,3,4,2,4,2
2018,128.0,105.83,150.17,1,6,3,1,3
2003,266.0,234.03,297.97,1,4,2,3,1
2000,119.0,97.62,140.38,1,5,1,4,3
2011,8.83823965355229,6.67,11.01,3,6,1,4,1
2015,49.4262952596043,44.45,54.4,3,6,1,4,2
2007,45.0,31.85,58.15,1,4,1,3,2
2017,2006.0,1918.22,2093.78,1,6,2,4,2
2012,429.0,388.4,469.6,1,4,2,3,1
2011,184.424636643678,180.51,188.34,3,1,2,4,2
2014,33.8102716976644,29.74,37.89,3,4,1,2,3
2001,185.0,158.34,211.66,1,4,1,2,3
2017,19.9949161424565,14.9,25.09,3,7,1,4,2
2009,6.89775895206005,5.22,8.58,3,2,3,1,3
2004,56.2236122119864,50.29,62.16,3,6,1,4,2
2009,1532.0,1455.29,1608.71,1,1,1,4,3
2020,1442.59741117076,1402.5,1482.69,3,4,2,3,2
2006,70.0,53.6,86.4,1,3,2,4,1
2015,41.0,28.45,53.55,1,10,3,1,3
2002,177.0,150.92,203.08,1,4,3,1,3
2011,19.9683338346147,17.97,21.97,2,7,2,4,2
2008,74.3214445047523,67.8,80.85,3,6,1,4,3
2017,48.2555170203159,46.3,50.21,3,6,2,4,3
2007,9.29642104627269,8.41,10.18,3,4,2,4,1
2018,1.61579872401792,0.8,2.43,3,6,3,1,1
2001,91.0,72.3,109.7,1,3,2,4,1
2017,76.5092495629531,70.43,82.59,3,6,1,4,3
2009,66.0,50.08,81.92,1,4,1,3,3
2003,214.0,185.33,242.67,1,2,1,4,3
2007,7792.0,7618.99,7965.01,1,1,2,4,2
2006,9.32147241495337,8.4,10.24,3,6,2,4,1
2015,35.6075961055604,33.88,37.33,3,6,2,4,2
2013,45.186038112924,40.35,50.02,3,6,1,4,2
2003,234.823844874245,230.09,239.56,3,1,2,4,3
2017,48.6088994133025,44.1,53.11,3,4,1,4,3
2005,109.0,88.54,129.46,1,5,2,4,2
2015,21.4977645126913,18.15,24.85,3,5,1,4,3
2003,15.7906497504779,14.56,17.02,3,5,2,4,3
2017,115.0,93.98,136.02,1,6,3,1,2
2009,1504.0,1427.99,1580.01,1,4,2,2,3
2003,96.0,76.8,115.2,1,3,2,4,1
2013,47.5916523316725,42.84,52.34,3,4,1,4,3
2000,441.0,399.84,482.16,1,6,2,4,1
2015,9.15186999319314,7.02,11.28,3,6,1,4,1
2018,47.657964591274,42.89,52.42,3,1,1,4,1
2016,7.34389787429015,5.6,9.09,3,1,3,1,1
2005,137.0,114.06,159.94,1,5,1,4,3
2011,15.8146991323915,13.25,18.38,3,4,3,1,3
2002,739.0,685.72,792.28,1,1,3,1,2
2003,33.8713361848272,32.02,35.72,3,4,2,2,2
2001,33.870940682504,31.99,35.75,3,4,2,2,2
2010,107.72975854192,104.79,110.67,3,4,2,4,3
2017,5.40751323101593,3.91,6.91,3,9,3,1,2
2016,903.748036768232,748.58,1058.92,3,4,1,3,3
2001,1314.0,1242.95,1385.05,1,4,2,2,3
2011,119.0,97.62,140.38,1,7,2,4,1
2002,10.2763479503091,9.28,11.28,3,6,2,4,1
2006,48.4347782050792,46.33,50.54,3,6,2,4,3
2007,428.0,387.45,468.55,1,6,1,4,2
2018,224.0,194.67,253.33,1,5,1,4,3
2001,3.32119440336708,2.11,4.53,3,6,3,1,1
2011,3.80722637276842,3.22,4.39,3,5,2,4,2
2000,393.0,354.15,431.85,1,6,1,4,2
2003,465.0,422.74,507.26,1,6,2,4,1
2014,42.8766809973912,38.45,47.3,3,4,1,4,3
2012,808.001822474556,640.7,975.31,3,4,1,3,3
2018,458.0,416.05,499.95,1,7,2,4,2
2001,186.0,159.27,212.73,1,6,3,1,3
2015,6100.0,5946.92,6253.08,1,4,2,4,3
2017,2058.0,1969.09,2146.91,1,4,2,2,2
2004,195.0,167.63,222.37,1,2,1,4,2
2014,17.695760056778,15.87,19.52,2,7,2,4,2
2010,58.0,43.07,72.93,1,4,1,3,3
2008,124.0,102.17,145.83,1,5,1,4,3
2015,168.719569433812,159.56,177.87,3,1,1,4,2
2018,15.0,7.41,22.59,1,6,3,1,1
2017,19.139267495319,17.34,20.94,2,7,2,4,3
2001,2884.0,2778.74,2989.26,1,4,2,3,3
2003,150.0,126.0,174.0,1,6,3,1,2
2010,226.099566923188,221.73,230.47,3,1,2,4,3
2000,29.3043419172402,24.9,33.71,3,2,1,4,2
2011,96.8365884557147,94.07,99.6,3,4,2,4,2
2009,470.0,427.51,512.49,1,6,1,4,3
2010,6.02653859509343,4.46,7.59,3,2,3,1,3
2006,20.2410654565017,18.23,22.25,2,7,2,4,2
2001,926.0,866.36,985.64,1,1,3,1,3
2016,327.0,291.56,362.44,1,6,2,4,1
2018,31.0,20.09,41.91,1,9,3,1,2
2007,1200.0,1132.1,1267.9,1,1,1,4,2
2012,689.0,637.55,740.45,1,1,3,1,3
2013,12.2582178192135,9.95,14.56,3,6,3,1,3
2003,7.30681894826772,5.53,9.08,3,10,3,1,3
2008,68.0,51.84,84.16,1,7,2,4,1
2000,94.245486384257,87.83,100.67,3,1,3,1,2
2017,699.0,647.18,750.82,1,1,3,1,3
2015,37.143792472606,35.43,38.86,3,1,2,4,1
2018,2262.0,2168.78,2355.22,1,4,2,2,2
2000,2821.0,2716.9,2925.1,1,4,2,3,3
2000,1293.0,1222.52,1363.48,1,4,2,2,3
2012,1791.0,1708.05,1873.95,1,4,2,2,3
2011,38.8395350453749,34.47,43.21,3,4,1,4,3
2001,11.7846677050218,10.7,12.87,3,6,2,4,1
2004,1917.0,1831.19,2002.81,1,6,2,4,3
2007,1201.20401875844,1158.01,1244.4,3,4,2,3,3
2015,90.0,71.41,108.59,1,3,2,4,1
2008,650.0,600.03,699.97,1,5,2,4,3
2011,71.0,54.49,87.51,1,4,1,3,3
2018,372.0,334.2,409.8,1,4,1,2,3
2011,4.89465100184513,3.45,6.34,3,8,3,1,3
2017,6898.0,6735.22,7060.78,1,4,2,4,3
2017,12.6161870838565,11.6,13.63,3,2,2,4,2
2007,22.128775871088,18.48,25.78,3,5,1,4,3
2015,11710.0,11497.91,11922.09,1,1,2,4,3
2006,361.0,323.76,398.24,1,1,1,4,1
2005,405.0,365.56,444.44,1,6,2,4,1
2000,40.5935336850834,35.31,45.88,3,4,1,4,3
2012,5470.0,5325.04,5614.96,1,4,2,4,3
2012,32.0224655554751,27.84,36.21,3,2,1,4,2
2014,5.9890540344371,4.42,7.56,3,2,3,1,3
2015,37.0,25.08,48.92,1,2,3,1,3
2004,501.0,457.13,544.87,1,2,2,4,2
2018,1.22973250946352,0.92,1.54,3,2,2,4,1
2018,127.0,104.91,149.09,1,4,1,3,3
2013,1828.0,1744.2,1911.8,1,4,2,2,2
2016,3934.0,3811.07,4056.93,1,4,2,3,2
2003,74.0,57.14,90.86,1,8,3,1,3
2008,12.8696908495264,11.78,13.96,3,2,2,4,2
2016,1402.33863945025,1360.54,1444.14,3,4,2,3,3
2019,79.0,61.58,96.42,1,3,2,4,1
2011,166.0,140.75,191.25,1,5,2,4,2
2000,44.2907741781059,42.18,46.4,3,6,2,4,2
2008,37.0261083903371,35.2,38.85,3,6,2,4,2
2012,1159.12396446316,1119.05,1199.2,3,4,2,3,2
2010,34.5983005579434,30.37,38.83,3,4,1,4,2
2005,221.579383382995,217.07,226.09,3,1,2,4,3
2006,2039.0,1950.5,2127.5,1,6,2,4,3
2017,6316.0,6160.24,6471.76,1,4,2,4,2
2000,501.0,457.13,544.87,1,6,1,4,3
2015,465.0,422.74,507.26,1,6,1,4,3
2005,100.613299172689,97.59,103.64,3,4,2,4,3
2013,8.941712837841,8.13,9.75,3,4,2,4,1
2013,37.0,25.08,48.92,1,10,3,1,3
2016,785.0,730.09,839.91,1,5,2,4,3
2012,466.0,423.69,508.31,1,7,2,4,3
2008,34.4959898005546,32.7,36.29,3,4,2,2,3
2011,7.09113607990012,6.27,7.92,4,6,2,4,1
2002,235.0,204.95,265.05,1,4,2,3,1
2011,25.0667109633208,18.59,31.55,3,7,1,4,2
2002,48.1024222107777,45.94,50.27,3,6,2,4,3
2005,1258.40753797406,1212.74,1304.07,3,4,2,3,3
2000,1107.0,1041.79,1172.21,1,1,1,4,2
2013,6.3766370010499,4.76,7.99,3,1,3,1,1
2001,290.0,256.62,323.38,1,4,2,4,1
2015,67.0,50.96,83.04,1,7,1,4,2
2005,2.40411167108779,1.93,2.88,3,3,2,4,1
2000,1310.05056937786,1259.94,1360.17,3,4,2,3,2
2015,38.8800592266372,34.46,43.3,3,1,1,4,1
2000,6.7438209436197,5.91,7.58,3,4,2,4,1
2002,95.6582089977666,89.21,102.1,3,1,3,1,3
2019,2.63678811345294,1.98,3.3,3,7,2,4,1
2012,1.7373263617023,1.35,2.13,3,3,2,4,1
2005,75.0,58.03,91.97,1,7,2,4,1
2006,256.0,224.64,287.36,1,4,1,4,3
2009,454.0,412.24,495.76,1,4,2,4,1
2001,1278.84632508955,1230.23,1327.46,3,4,2,3,2
2007,88.0,69.61,106.39,1,3,2,4,1
2008,14.1273041329836,12.99,15.27,3,2,2,4,3
2010,116.0,94.89,137.11,1,6,1,4,1
2017,295.0,261.34,328.66,1,2,1,4,3
2003,1769.0,1686.56,1851.44,1,1,2,4,1
2018,4972.0,4833.8,5110.2,1,4,2,3,3
2013,800.781688388365,639.33,962.23,3,4,1,3,2
2016,3.87702082544349,2.61,5.15,3,10,3,1,3
2016,359.0,321.86,396.14,1,1,1,4,1
2015,703.0,651.03,754.97,1,1,3,1,3
2015,163.0,137.98,188.02,1,5,1,4,3
2018,70.5964841588208,64.78,76.42,3,6,1,4,2
2008,19.9047754145116,17.92,21.89,2,7,2,4,2
2005,4.00392713729621,3.1,4.91,3,7,2,4,1
2005,17.0012318170528,13.75,20.26,3,5,1,4,1
2003,1361.0,1288.69,1433.31,1,4,2,2,3
2018,1.86945949978771,1.31,2.42,3,7,2,4,1
2017,13138.0,12913.35,13362.65,1,1,2,4,3
2010,8.46513424150277,7.6,9.33,3,6,2,4,1
2011,1165.46357504916,1124.85,1206.08,3,4,2,3,2
2020,524.0,479.13,568.87,1,4,1,4,2
2000,12.0193456955583,10.92,13.12,3,6,2,4,1
2009,93.4519780132643,90.68,96.23,3,4,2,4,2
2001,103.0,83.11,122.89,1,1,3,1,1
2013,344.0,307.65,380.35,1,6,1,4,2
2008,9.01922129127649,8.1,9.94,4,6,2,4,1
2003,465.890183028286,293.33,638.46,3,4,1,3,2
2006,3.85406127247846,2.98,4.73,3,7,2,4,1
2000,8.77555321510858,6.83,10.72,3,10,3,1,3
2009,41.0,28.45,53.55,1,10,3,1,3
2000,96.6322126946737,83.03,110.23,3,4,2,3,1
2001,440.0,398.89,481.11,1,6,2,4,1
2000,1.571001294023,1.17,1.98,3,4,2,2,1
2018,12.5292816333251,11.54,13.52,3,5,2,4,1
2001,13.9105212832893,12.74,15.08,3,2,2,4,2
2004,2.01432756003947,1.08,2.94,3,6,3,1,1
2014,1804.0,1720.75,1887.25,1,1,2,4,1
2009,521.0,476.26,565.74,1,5,2,4,1
2016,249.0,218.07,279.93,1,2,1,4,2
2016,758.0,704.04,811.96,1,1,3,1,3
2018,113.0,92.17,133.83,1,6,3,1,2
2017,13.4574614813233,12.4,14.51,3,2,2,4,3
2015,6.30871155477883,4.68,7.94,3,8,3,1,3
2016,1262.44874521137,1222.71,1302.18,3,4,2,3,2
2017,0.94255171467074,0.85,1.04,5,6,2,4,1
2002,305.0,270.77,339.23,1,4,2,4,1
2004,625.0,576.0,674.0,1,5,2,4,3
2011,158.429971539359,149.27,167.59,3,1,1,4,2
2013,284.0,250.97,317.03,1,4,1,2,2
2012,3.55884090590465,2.32,4.79,3,10,3,1,3
2015,3691.0,3571.93,3810.07,1,4,2,3,2
2011,1461.0,1386.08,1535.92,1,6,2,4,2
2010,269.0,236.85,301.15,1,2,1,4,3
2005,92.8374062859277,89.93,95.74,3,4,2,4,2
2013,45.3147999051881,40.66,49.97,3,4,1,4,2
2018,228.0,198.41,257.59,1,4,3,1,3
2012,331.0,295.34,366.66,1,6,1,4,2
2010,56.0,41.33,70.67,1,9,3,1,2
2002,112.0,91.26,132.74,1,5,2,4,2
2009,262.0,230.28,293.72,1,4,1,4,3
2019,650.0,600.03,699.97,1,6,1,4,2
2016,131.0,108.57,153.43,1,4,1,3,3
2004,221.551216451628,217.0,226.11,3,1,2,4,3
2014,522.0,477.22,566.78,1,2,2,4,2
2014,66.0,50.08,81.92,1,6,1,4,1
2014,55.0,40.46,69.54,1,7,1,4,2
2004,709.0,656.81,761.19,1,1,3,1,3
2018,17.1984217337135,15.53,18.87,2,7,2,4,2
2001,2.33613432324643,1.86,2.82,3,3,2,4,1
2019,50.6498839590326,46.1,55.2,3,4,1,4,2
2006,125.55821391336,111.42,139.7,3,4,2,3,1
2004,18.0,9.68,26.32,1,6,3,1,1
2003,36.0,24.24,47.76,1,9,3,1,3
2000,182.0,155.56,208.44,1,4,1,2,2
2008,2.33251303610312,1.33,3.33,3,6,3,1,1
2012,7.67696909272183,6.82,8.53,4,6,2,4,1
2002,112.0,91.26,132.74,1,3,2,4,1
2004,7409.0,7240.3,7577.7,1,1,2,4,2
2010,10403.0,10203.09,10602.91,1,1,2,4,3
2006,6.43966965892848,4.77,8.11,3,10,3,1,3
2009,44.4196319865377,42.43,46.41,3,6,2,4,3
2008,66.1677763723553,60.85,71.48,3,1,3,1,2
2006,265.0,233.09,296.91,1,2,1,4,3
2019,4645.0,4511.42,4778.58,1,4,2,3,2
2012,57.0,42.2,71.8,1,2,2,4,1
2006,181.660903095489,177.62,185.71,3,1,2,4,2
2015,1.08857568552119,0.41,1.76,3,6,3,1,1
2002,99.0,79.5,118.5,1,5,1,4,3
2000,109.994045673068,106.63,113.36,3,4,2,4,3
2001,12.0218579234972,10.9,13.15,4,6,2,4,1
2018,0.89122264987394,0.8,0.98,5,6,2,4,1
2020,14.994481465366,13.91,16.08,3,2,2,4,2
2002,3.03449457178612,2.49,3.58,3,3,2,4,1
